Time, fixType, gnssFixOk, headVehValid, invalid_llh, latitude, longitude, SIV, groundSpeed, headingMotion, headingVehicle, distanceBetween, targetHeading, currentHeading, headingError, gpsError, averageGPSError, index,Lat,Lon
4/8/21466 0:0:15,97,0,0,0,0,0,0,0,1065353216,1265902592,9269538.27,303.75,353.37,-0.28,-10300.16,0,0,0,0
4/13/2025 14:36,0,0,0,0,0,0,0,0,0,0,9269538.27,303.75,354,-0.28,354,0,0,0,0
4/13/2025 14:36,0,0,0,0,0,0,0,0,0,0,9269538.27,303.75,354,-0.28,354,0,0,0,0
4/13/2025 14:36,0,0,0,0,0,0,0,0,0,0,9269538.27,303.75,354,-0.28,354,0,0,0,0
4/13/2025 14:36,0,0,0,0,0,0,0,0,0,0,9269538.27,303.75,354,-0.28,354,0,0,0,0
4/13/2025 14:36,0,0,0,0,0,0,0,0,0,0,9269538.27,303.75,354,-0.28,354,0,0,0,0
4/13/2025 14:36,0,0,0,0,0,0,0,0,0,0,9269538.27,303.75,354,-0.28,354,0,0,0,0
4/13/2025 14:36,0,0,0,0,0,0,0,0,0,0,9269538.27,303.75,354,-0.28,354,0,0,0,0
4/13/2025 14:36,0,0,0,0,0,0,0,0,0,0,9269538.27,303.75,354,-0.28,354,0,0,0,0
4/13/2025 14:36,3,1,0,0,334924911,-820050862,4,85,0,0,31.53,266.72,354,-0.48,354,0,0,33.4924911,-82.0050862
4/13/2025 14:36,3,1,0,0,334924911,-820050862,4,85,0,0,31.53,266.72,270.31,-0.02,270.31,0,0,33.4924911,-82.0050862
4/13/2025 14:36,3,1,0,0,334925019,-820050916,8,337,26330964,0,31.13,264.46,261.56,0.02,-1.75,0,0,33.4925019,-82.0050916
4/13/2025 14:36,3,1,0,0,334925011,-820050955,8,516,24960528,0,30.76,264.56,259.62,0.03,10.02,0,0,33.4925011,-82.0050955
4/13/2025 14:36,3,1,0,0,334924940,-820051085,8,559,24529468,0,29.49,265.87,264.06,0.01,18.77,0,0,33.492494,-82.0051085
4/13/2025 14:36,3,1,0,0,334924906,-820051146,8,558,24998646,0,28.9,266.54,265.31,0.01,15.33,0,0,33.4924906,-82.0051146
4/13/2025 14:36,3,1,0,0,334924884,-820051203,8,560,25258968,0,28.36,266.96,265.5,0.01,12.91,0,0,33.4924884,-82.0051203
4/13/2025 14:36,3,1,0,0,334924868,-820051253,8,541,25264760,0,27.89,267.28,267.04,0,14.39,-1.48,0,33.4924868,-82.0051253
4/13/2025 14:36,3,1,0,0,334924854,-820051304,8,543,25553648,0,27.41,267.56,267.04,0,11.5,-1.48,0,33.4924854,-82.0051304
4/13/2025 14:36,3,1,0,0,334924840,-820051356,15,601,25338682,0,26.92,267.85,267.04,0,13.65,-1.48,0,33.492484,-82.0051356
4/13/2025 14:36,3,1,0,0,334924827,-820051409,15,567,25428008,0,26.42,268.12,267.04,0.01,12.76,-1.48,0,33.4924827,-82.0051409
4/13/2025 14:36,3,1,0,0,334924818,-820051461,15,542,25679306,0,25.94,268.3,267.04,0.01,10.25,-1.48,0,33.4924818,-82.0051461
4/13/2025 14:36,3,1,0,0,334924809,-820051514,15,568,25654174,0,25.44,268.5,267.04,0.01,10.5,-1.48,0,33.4924809,-82.0051514
4/13/2025 14:36,3,1,0,0,334924799,-820051566,15,562,25664558,0,24.96,268.72,267.04,0.01,10.4,-1.48,0,33.4924799,-82.0051566
4/13/2025 14:37,3,1,0,0,334924789,-820051619,15,566,25867616,0,24.46,268.96,267.04,0.01,8.37,-1.48,0,33.4924789,-82.0051619
4/13/2025 14:37,3,1,0,0,334924779,-820051670,16,559,25595446,0,23.99,269.2,267.04,0.01,11.09,-1.48,0,33.4924779,-82.005167
4/13/2025 14:37,3,1,0,0,334924770,-820051725,16,564,25914522,0,23.48,269.43,267.04,0.01,7.9,-1.48,0,33.492477,-82.0051725
4/13/2025 14:37,3,1,0,0,334924760,-820051783,18,573,25744844,0,22.94,269.69,255.96,0.08,-1.49,9.6,0,33.492476,-82.0051783
4/13/2025 14:37,3,1,0,0,334924752,-820051841,18,563,26139680,0,22.4,269.91,266.34,0.02,4.94,9.6,0,33.4924752,-82.0051841
4/13/2025 14:37,3,1,0,0,334924745,-820051886,18,367,25902416,0,21.98,270.12,272.46,-0.01,13.44,9.6,0,33.4924745,-82.0051886
4/13/2025 14:37,3,1,0,0,334924746,-820051934,18,486,27657498,0,21.54,270.09,272.71,-0.01,-3.86,9.6,0,33.4924746,-82.0051934
4/13/2025 14:37,3,1,0,0,334924754,-820051991,18,557,28009822,0,21.01,269.85,272.71,-0.02,-7.39,9.6,0,33.4924754,-82.0051991
4/13/2025 14:37,3,1,0,0,334924762,-820052050,18,571,27940992,0,20.46,269.6,272.71,-0.02,-6.7,9.6,0,33.4924762,-82.005205
4/13/2025 14:37,3,1,0,0,334924772,-820052109,19,580,28060840,0,19.92,269.26,272.71,-0.02,-7.9,9.6,0,33.4924772,-82.0052109
4/13/2025 14:37,3,1,0,0,334924782,-820052169,19,579,27951394,0,19.36,268.91,272.71,-0.02,-6.8,9.6,0,33.4924782,-82.0052169
4/13/2025 14:37,3,1,0,0,334924792,-820052230,19,589,27937532,0,18.8,268.54,270.52,-0.01,-8.85,9.6,0,33.4924792,-82.005223
4/13/2025 14:37,3,1,0,0,334924809,-820052350,19,585,27748696,0,17.69,267.84,270.34,-0.01,-7.15,9.6,0,33.4924809,-82.005235
4/13/2025 14:37,3,1,0,0,334924817,-820052412,19,588,27798206,0,17.12,267.47,273.54,-0.03,-4.45,6.4,0,33.4924817,-82.0052412
4/13/2025 14:37,3,1,0,0,334924821,-820052469,19,513,27140732,0,16.6,267.23,268.1,0,-3.31,6.4,0,33.4924821,-82.0052469
4/13/2025 14:37,3,1,0,0,334924821,-820052530,19,574,26880288,0,16.03,267.14,267.22,0,-1.58,6.4,0,33.4924821,-82.005253
4/13/2025 14:37,3,1,0,0,334924820,-820052593,19,583,26844318,0,15.45,267.07,267.1,0,-1.34,6.4,0,33.492482,-82.0052593
4/13/2025 14:37,3,1,0,0,334924818,-820052657,24,568,26929934,0,14.85,267.04,267.1,0,-2.2,6.4,0,33.4924818,-82.0052657
4/13/2025 14:37,3,1,0,0,334924817,-820052722,24,597,27025698,0,14.25,266.96,267.1,0,-3.16,6.4,0,33.4924817,-82.0052722
4/13/2025 14:37,3,1,0,0,334924815,-820052790,24,601,26908240,0,13.62,266.91,267.1,0,-1.98,6.4,0,33.4924815,-82.005279
4/13/2025 14:37,3,1,0,0,334924813,-820052856,24,601,26968644,0,13.01,266.86,267.1,0,-2.59,6.4,0,33.4924813,-82.0052856
4/13/2025 14:37,3,1,0,0,334924811,-820052922,24,597,26930002,0,12.39,266.81,267.1,0,-2.2,6.4,0,33.4924811,-82.0052922
4/13/2025 14:37,3,1,0,0,334924810,-820052989,24,601,27006666,0,11.77,266.7,267.1,0,-2.97,6.4,0,33.492481,-82.0052989
4/13/2025 14:37,3,1,0,0,334924809,-820053055,24,601,26956738,0,11.16,266.57,269.68,-0.02,0.11,3.82,0,33.4924809,-82.0053055
4/13/2025 14:37,3,1,0,0,334924806,-820053124,25,593,27063218,0,10.52,266.54,269.68,-0.02,-0.96,3.82,0,33.4924806,-82.0053124
4/13/2025 14:37,3,1,0,0,334924804,-820053194,25,605,26984712,0,9.87,266.45,269.68,-0.02,-0.17,3.82,0,33.4924804,-82.0053194
4/13/2025 14:37,3,1,0,0,334924801,-820053264,25,600,27033156,0,9.22,266.4,269.68,-0.02,-0.66,3.82,0,33.4924801,-82.0053264
4/13/2025 14:37,3,1,0,0,334924798,-820053333,25,601,26982558,0,8.58,266.36,269.68,-0.02,-0.15,3.82,0,33.4924798,-82.0053333
4/13/2025 14:37,3,1,0,0,334924796,-820053402,25,603,26990214,0,7.94,266.22,269.68,-0.02,-0.23,3.82,0,33.4924796,-82.0053402
4/13/2025 14:37,3,1,0,0,334924794,-820053470,25,603,27038000,0,7.31,266.07,269.68,-0.02,-0.7,3.82,0,33.4924794,-82.005347
4/13/2025 14:37,3,1,0,0,334924792,-820053535,25,565,26841892,0,6.7,265.91,267.86,-0.01,-0.55,3.82,0,33.4924792,-82.0053535
4/13/2025 14:37,3,1,0,0,334924789,-820053601,25,591,26849454,0,6.09,265.81,267.8,-0.01,-0.69,3.82,0,33.4924789,-82.0053601
4/13/2025 14:37,3,1,0,0,334924786,-820053667,25,597,26847688,0,5.48,265.69,267.8,-0.01,-0.68,3.82,0,33.4924786,-82.0053667
4/13/2025 14:37,3,1,0,0,334924784,-820053734,25,599,26923450,0,4.86,265.4,268.27,-0.02,-0.97,3.36,0,33.4924784,-82.0053734
4/13/2025 14:37,3,1,0,0,334924782,-820053801,25,602,26905604,0,4.24,265.03,268.27,-0.02,-0.79,3.36,0,33.4924782,-82.0053801
4/13/2025 14:37,3,1,0,0,334924780,-820053868,25,605,26980714,0,3.62,264.53,268.27,-0.02,-1.54,3.36,0,33.492478,-82.0053868
4/13/2025 14:37,3,1,0,0,334924778,-820053933,25,575,26750684,0,3.01,263.86,266.39,-0.01,-1.11,3.36,0,33.4924778,-82.0053933
4/13/2025 14:37,3,1,0,0,334924774,-820053998,25,597,26720170,0,2.41,263.37,266.33,-0.02,-0.87,3.36,0,33.4924774,-82.0053998
4/13/2025 14:37,3,1,0,0,334924773,-820054062,26,590,26949312,0,1.82,261.56,266.33,-0.03,-3.16,3.36,0,33.4924773,-82.0054062
4/13/2025 14:37,3,1,0,0,334924772,-820054119,26,492,26707658,0,18.06,282.26,263.49,0.1,-3.59,1.95,1,33.4924772,-82.0054119
4/13/2025 14:37,3,1,0,0,334924766,-820054161,26,356,25624386,0,17.7,282.74,278.86,0.02,22.62,1.95,1,33.4924766,-82.0054161
4/13/2025 14:37,3,1,0,0,334924763,-820054192,26,257,26563822,0,17.43,283.06,286.8,-0.02,21.16,1.95,1,33.4924763,-82.0054192
4/13/2025 14:37,3,1,0,0,334924771,-820054234,26,460,28587426,0,17.03,283.06,284.74,-0.01,-1.14,1.95,1,33.4924771,-82.0054234
4/13/2025 14:37,3,1,0,0,334924783,-820054286,26,524,28602340,0,16.53,282.99,284.11,-0.01,-1.91,1.95,1,33.4924783,-82.0054286
4/13/2025 14:37,3,1,0,0,334924797,-820054343,27,564,28569870,0,15.98,282.87,283.92,-0.01,-1.77,1.95,1,33.4924797,-82.0054343
4/13/2025 14:37,3,1,0,0,334924811,-820054403,27,579,28502874,0,15.4,282.77,283.92,-0.01,-1.1,1.95,1,33.4924811,-82.0054403
4/13/2025 14:37,3,1,0,0,334924825,-820054465,27,584,28510742,0,14.8,282.67,283.92,-0.01,-1.18,1.95,1,33.4924825,-82.0054465
4/13/2025 14:37,3,1,0,0,334924839,-820054527,27,592,28485824,0,14.21,282.57,283.92,-0.01,-0.93,1.95,1,33.4924839,-82.0054527
4/13/2025 14:37,3,1,0,0,334924853,-820054590,27,601,28519602,0,13.6,282.47,283.92,-0.01,-1.27,1.95,1,33.4924853,-82.005459
4/13/2025 14:37,3,1,0,0,334924868,-820054653,27,598,28551730,0,13,282.3,280.9,0.01,-4.62,4.97,1,33.4924868,-82.0054653
4/13/2025 14:37,3,1,0,0,334924882,-820054715,27,596,28504380,0,12.4,282.17,280.9,0.01,-4.14,4.97,1,33.4924882,-82.0054715
4/13/2025 14:37,3,1,0,0,334924897,-820054778,27,602,28512910,0,11.8,281.97,280.9,0.01,-4.23,4.97,1,33.4924897,-82.0054778
4/13/2025 14:37,3,1,0,0,334924911,-820054841,27,602,28529436,0,11.19,281.81,280.9,0.01,-4.39,4.97,1,33.4924911,-82.0054841
4/13/2025 14:37,3,1,0,0,334924926,-820054904,27,601,28545484,0,10.59,281.58,280.9,0,-4.55,4.97,1,33.4924926,-82.0054904
4/13/2025 14:37,3,1,0,0,334924938,-820054971,27,602,28571414,0,9.95,281.54,280.9,0,-4.81,4.97,1,33.4924938,-82.0054971
4/13/2025 14:37,3,1,0,0,334924950,-820055038,27,600,28582620,0,9.31,281.5,280.9,0,-4.93,4.97,1,33.492495,-82.0055038
4/13/2025 14:37,3,1,0,0,334924961,-820055105,27,604,28468256,0,8.68,281.53,280.9,0,-3.78,4.97,1,33.4924961,-82.0055105
4/13/2025 14:37,3,1,0,0,334924972,-820055172,27,601,28517698,0,8.05,281.56,280.9,0,-4.28,4.97,1,33.4924972,-82.0055172
4/13/2025 14:37,3,1,0,0,334924984,-820055239,27,608,28544990,0,7.41,281.51,280.9,0,-4.55,4.97,1,33.4924984,-82.0055239
4/13/2025 14:38,3,1,0,0,334924997,-820055306,27,604,28564292,0,6.77,281.36,285.33,-0.02,-0.31,0.55,1,33.4924997,-82.0055306
4/13/2025 14:38,3,1,0,0,334925009,-820055372,27,604,28498142,0,6.15,281.27,282.95,-0.01,-2.03,0.55,1,33.4925009,-82.0055372
4/13/2025 14:38,3,1,0,0,334925019,-820055437,29,574,28246728,0,5.53,281.36,282.89,-0.01,0.42,0.55,1,33.4925019,-82.0055437
4/8/4584 0:00,97,0,0,0,1072693248,22722320,147,0,1073741824,536870928,6656877.28,253.66,282.89,-0.16,-10454.53,0.55,1,107.2693248,2.272232
4/8/21462 0:0:15,97,0,0,200,1090021888,0,0,1202590843,1064598241,536870928,6790757.89,250.69,282.77,-0.18,-10363.22,0.55,1,109.0021888,0
4/13/2025 14:38,3,1,0,0,334925045,-820055662,29,336,27891996,0,3.43,283.49,282.7,0,3.78,0.55,1,33.4925045,-82.0055662
4/13/2025 14:38,3,1,0,0,334925048,-820055706,29,413,27857454,0,3.03,284.67,282.7,0.01,4.13,0.55,1,33.4925048,-82.0055706
4/13/2025 14:38,3,1,0,0,334925051,-820055757,29,533,27737280,0,2.57,286.63,283.02,0.02,5.64,0.55,1,33.4925051,-82.0055757
4/13/2025 14:38,3,1,0,0,334925055,-820055814,29,569,27949474,0,2.05,289.67,283.2,0.04,3.71,0.55,1,33.4925055,-82.0055814
4/13/2025 14:38,3,1,0,0,334925059,-820055867,30,476,28111904,0,1.58,294.17,289.64,0.03,8.52,0.55,1,33.4925059,-82.0055867
4/13/2025 14:38,3,1,0,0,334925066,-820055912,30,419,28788228,0,18.68,284.45,290.22,-0.03,2.34,3.53,2,33.4925066,-82.0055912
4/13/2025 14:38,3,1,0,0,334925073,-820055948,30,331,29208104,0,18.34,284.47,285.91,-0.01,-6.17,3.53,2,33.4925073,-82.0055948
4/13/2025 14:38,3,1,0,0,334925078,-820055994,30,501,28139128,0,17.91,284.64,284.47,0,3.08,3.53,2,33.4925078,-82.0055994
4/13/2025 14:38,3,1,0,0,334925081,-820056057,30,553,28312840,0,17.34,285.02,284.41,0,1.28,3.53,2,33.4925081,-82.0056057
4/13/2025 14:38,3,1,0,0,334925087,-820056122,31,574,28329448,0,16.74,285.34,284.41,0.01,1.11,3.53,2,33.4925087,-82.0056122
4/13/2025 14:38,3,1,0,0,334925092,-820056188,31,594,28314710,0,16.13,285.72,284.41,0.01,1.26,3.53,2,33.4925092,-82.0056188
4/13/2025 14:38,3,1,0,0,334925098,-820056255,31,603,28237876,0,15.52,286.11,284.41,0.01,2.03,3.53,2,33.4925098,-82.0056255
4/13/2025 14:38,3,1,0,0,334925104,-820056320,31,598,28267538,0,14.92,286.5,284.41,0.01,1.73,3.53,2,33.4925104,-82.005632
4/13/2025 14:38,3,1,0,0,334925117,-820056409,30,614,28284912,0,14.09,286.89,284.41,0.01,1.56,3.53,2,33.4925117,-82.0056409
4/13/2025 14:38,3,1,0,0,334925125,-820056500,31,613,28274386,0,13.25,287.59,284.41,0.02,1.66,3.53,2,33.4925125,-82.00565
4/13/2025 14:38,3,1,0,0,334925132,-820056591,31,610,28229828,0,12.43,288.42,284.41,0.02,2.11,3.53,2,33.4925132,-82.0056591
4/13/2025 14:38,3,1,0,0,334925122,-820056691,31,571,28397340,0,11.59,290.39,285.94,0.02,1.97,4.62,2,33.4925122,-82.0056691
4/13/2025 14:38,3,1,0,0,334925119,-820056778,31,534,28779040,0,10.85,292.04,289.69,0.01,1.9,4.62,2,33.4925119,-82.0056778
4/13/2025 14:38,3,1,0,0,334925123,-820056863,31,583,29036192,0,10.1,293.49,290.38,0.02,0.02,4.62,2,33.4925123,-82.0056863
4/13/2025 14:38,3,1,0,0,334925130,-820056944,31,583,29127134,0,9.39,294.88,290.38,0.02,-0.89,4.62,2,33.492513,-82.0056944
4/13/2025 14:38,3,1,0,0,334925138,-820057019,31,522,29192472,0,8.72,296.27,293.94,0.01,2.02,4.62,2,33.4925138,-82.0057019
4/13/2025 14:38,3,1,0,0,334925150,-820057092,31,573,29628456,0,8.06,297.55,294.19,0.02,-2.09,4.62,2,33.492515,-82.0057092
4/13/2025 14:38,3,1,0,0,334925165,-820057164,31,588,29662960,0,7.39,298.8,294.19,0.03,-2.44,4.62,2,33.4925165,-82.0057164
4/13/2025 14:38,3,1,0,0,334925177,-820057229,31,514,29597860,0,6.8,300.26,298.13,0.01,2.15,4.62,2,33.4925177,-82.0057229
4/13/2025 14:38,3,1,0,0,334925195,-820057294,31,573,30116556,0,6.18,301.48,298.69,0.02,-2.47,4.62,2,33.4925195,-82.0057294
4/13/2025 14:38,3,1,0,0,334925217,-820057359,31,589,30319314,0,5.54,302.57,298.69,0.02,-4.5,4.62,2,33.4925217,-82.0057359
4/13/2025 14:38,3,1,0,0,334925245,-820057384,31,548,30420938,0,5.18,301.05,301.31,0,-2.9,4.19,2,33.4925245,-82.0057384
4/13/2025 14:38,3,1,0,0,334925274,-820057413,31,577,30563946,0,4.78,299.4,301.31,-0.01,-4.33,4.19,2,33.4925274,-82.0057413
4/13/2025 14:38,3,1,0,0,334925305,-820057444,31,577,30677254,0,4.36,297.31,301.31,-0.02,-5.46,4.19,2,33.4925305,-82.0057444
4/13/2025 14:38,3,1,0,0,334925333,-820057476,31,530,30556352,0,3.96,295.28,298.75,-0.02,-6.81,4.19,2,33.4925333,-82.0057476
4/13/2025 14:38,3,1,0,0,334925361,-820057512,31,571,30363726,0,3.53,293.02,298.44,-0.03,-5.2,4.19,2,33.4925361,-82.0057512
4/13/2025 14:38,3,1,0,0,334925386,-820057545,31,489,30387722,0,3.14,290.53,293.5,-0.02,-10.38,4.19,2,33.4925386,-82.0057545
4/13/2025 14:38,3,1,0,0,334925410,-820057584,31,559,29724928,0,2.71,287.93,292.38,-0.02,-4.87,4.19,2,33.492541,-82.0057584
4/13/2025 14:38,3,1,0,0,334925432,-820057625,31,523,29649242,0,2.28,285.01,288.94,-0.02,-7.55,4.19,2,33.4925432,-82.0057625
4/13/2025 14:38,3,1,0,0,334925452,-820057666,31,535,29343332,0,1.85,281.41,286.25,-0.03,-7.18,4.19,2,33.4925452,-82.0057666
4/13/2025 14:38,3,1,0,0,334925469,-820057706,31,498,29153042,0,20.33,282.13,287.64,-0.03,-3.89,-1.89,3,33.4925469,-82.0057706
4/13/2025 14:38,3,1,0,0,334925481,-820057737,31,365,28763724,0,20.02,281.93,283.2,-0.01,-4.44,-1.89,3,33.4925481,-82.0057737
4/13/2025 14:38,3,1,0,0,334925491,-820057777,31,515,28112722,0,19.64,281.83,281.89,0,0.76,-1.89,3,33.4925491,-82.0057777
4/13/2025 14:38,3,1,0,0,334925501,-820057827,31,563,28222924,0,19.16,281.79,281.39,0,-0.84,-1.89,3,33.4925501,-82.0057827
4/13/2025 14:38,3,1,0,0,334925512,-820057880,31,580,28196464,0,18.65,281.73,281.39,0,-0.58,-1.89,3,33.4925512,-82.005788
4/13/2025 14:38,3,1,0,0,334925522,-820057936,31,589,28175598,0,18.12,281.72,281.39,0,-0.37,-1.89,3,33.4925522,-82.0057936
4/13/2025 14:38,3,1,0,0,334925532,-820057993,31,592,28169782,0,17.58,281.72,281.39,0,-0.31,-1.89,3,33.4925532,-82.0057993
4/13/2025 14:38,3,1,0,0,334925543,-820058050,31,597,28242198,0,17.04,281.67,281.39,0,-1.03,-1.89,3,33.4925543,-82.005805
4/13/2025 14:38,3,1,0,0,334925555,-820058109,31,602,28261714,0,16.48,281.61,281.39,0,-1.23,-1.89,3,33.4925555,-82.0058109
4/13/2025 14:38,3,1,0,0,334925567,-820058168,31,600,28251094,0,15.91,281.53,281.39,0,-1.12,-1.89,3,33.4925567,-82.0058168
4/13/2025 14:38,3,1,0,0,334925579,-820058228,31,606,28268926,0,15.34,281.46,281.39,0,-1.3,-1.89,3,33.4925579,-82.0058228
4/13/2025 14:38,3,1,0,0,334925591,-820058287,31,606,28256526,0,14.78,281.37,282.69,-0.01,0.13,-3.19,3,33.4925591,-82.0058287
4/13/2025 14:38,3,1,0,0,334925603,-820058347,31,616,28243420,0,14.21,281.29,282.69,-0.01,0.26,-3.19,3,33.4925603,-82.0058347
4/13/2025 14:38,3,1,0,0,334925615,-820058406,31,610,28271640,0,13.64,281.19,282.69,-0.01,-0.02,-3.19,3,33.4925615,-82.0058406
4/13/2025 14:38,3,1,0,0,334925627,-820058466,31,611,28265820,0,13.07,281.09,282.69,-0.01,0.03,-3.19,3,33.4925627,-82.0058466
4/13/2025 14:38,3,1,0,0,334925640,-820058526,31,616,28302372,0,12.5,280.93,282.69,-0.01,-0.33,-3.19,3,33.492564,-82.0058526
4/13/2025 14:38,3,1,0,0,334925653,-820058587,31,612,28366724,0,11.92,280.76,282.69,-0.01,-0.97,-3.19,3,33.4925653,-82.0058587
4/13/2025 14:38,3,1,0,0,334925665,-820058648,31,607,28391348,0,11.33,280.63,282.69,-0.01,-1.22,-3.19,3,33.4925665,-82.0058648
4/13/2025 14:38,3,1,0,0,334925678,-820058709,31,601,28409830,0,10.75,280.43,282.69,-0.01,-1.41,-3.19,3,33.4925678,-82.0058709
4/13/2025 14:39,3,1,0,0,334925692,-820058771,31,600,28437010,0,10.16,280.15,282.69,-0.01,-1.68,-3.19,3,33.4925692,-82.0058771
4/13/2025 14:39,3,1,0,0,334925705,-820058832,31,603,28483776,0,9.58,279.9,282.69,-0.02,-2.15,-3.19,3,33.4925705,-82.0058832
4/13/2025 14:39,3,1,0,0,334925719,-820058894,31,598,28491418,0,8.98,279.55,283.43,-0.02,-1.49,-3.93,3,33.4925719,-82.0058894
4/13/2025 14:39,3,1,0,0,334925734,-820058953,31,576,28627060,0,8.42,279.05,281.18,-0.01,-5.09,-3.93,3,33.4925734,-82.0058953
4/13/2025 14:39,3,1,0,0,334925746,-820059013,31,595,28222908,0,7.85,278.73,280.99,-0.01,-1.24,-3.93,3,33.4925746,-82.0059013
4/13/2025 14:39,3,1,0,0,334925758,-820059074,31,605,28276896,0,7.27,278.36,280.99,-0.01,-1.78,-3.93,3,33.4925758,-82.0059074
4/13/2025 14:39,3,1,0,0,334925770,-820059136,31,611,28246130,0,6.68,277.95,280.99,-0.02,-1.47,-3.93,3,33.492577,-82.0059136
4/13/2025 14:39,3,1,0,0,334925782,-820059198,31,613,28279510,0,6.09,277.45,280.99,-0.02,-1.8,-3.93,3,33.4925782,-82.0059198
4/13/2025 14:39,3,1,0,0,334925794,-820059260,31,610,28294916,0,5.5,276.85,280.99,-0.02,-1.96,-3.93,3,33.4925794,-82.005926
4/13/2025 14:39,3,1,0,0,334925807,-820059320,31,589,28502824,0,4.93,275.95,278.05,-0.01,-6.97,-3.93,3,33.4925807,-82.005932
4/13/2025 14:39,3,1,0,0,334925816,-820059381,31,586,27918270,0,4.36,275.42,277.93,-0.01,-1.25,-3.93,3,33.4925816,-82.0059381
4/13/2025 14:39,3,1,0,0,334925825,-820059443,31,590,28016480,0,3.78,274.73,277.93,-0.02,-2.24,-3.93,3,33.4925825,-82.0059443
4/13/2025 14:39,3,1,0,0,334925835,-820059506,31,598,28035752,0,3.19,273.6,280.46,-0.04,0.1,-6.46,3,33.4925835,-82.0059506
4/13/2025 14:39,3,1,0,0,334925846,-820059568,31,587,28141204,0,2.61,271.71,274.14,-0.01,-7.27,-6.46,3,33.4925846,-82.0059568
4/13/2025 14:39,3,1,0,0,334925851,-820059629,31,555,27319684,0,2.04,270.62,272.96,-0.01,-0.24,-6.46,3,33.4925851,-82.0059629
4/13/2025 14:39,3,1,0,0,334925854,-820059691,31,588,27237016,0,1.47,269.57,272.77,-0.02,0.4,-6.46,3,33.4925854,-82.0059691
4/13/2025 14:39,3,1,0,0,334925857,-820059752,31,579,27273606,0,20.42,281.46,274.52,0.04,1.78,-8.21,4,33.4925857,-82.0059752
4/13/2025 14:39,3,1,0,0,334925858,-820059800,31,409,27107474,0,19.99,281.69,280.96,0,9.88,-8.21,4,33.4925858,-82.00598
4/13/2025 14:39,3,1,0,0,334925861,-820059842,31,404,27631388,0,19.6,281.82,284.33,-0.01,8.02,-8.21,4,33.4925861,-82.0059842
4/13/2025 14:39,3,1,0,0,334925868,-820059891,31,529,28222650,0,19.14,281.87,284.83,-0.02,2.61,-8.21,4,33.4925868,-82.0059891
4/13/2025 14:39,3,1,0,0,334925879,-820059948,31,574,28314236,0,18.59,281.84,284.83,-0.02,1.69,-8.21,4,33.4925879,-82.0059948
4/13/2025 14:39,3,1,0,0,334925891,-820060008,31,593,28383632,0,18.02,281.79,284.83,-0.02,1,-8.21,4,33.4925891,-82.0060008
4/13/2025 14:39,3,1,0,0,334925903,-820060069,31,596,28338658,0,17.44,281.74,284.83,-0.02,1.45,-8.21,4,33.4925903,-82.0060069
4/13/2025 14:39,3,1,0,0,334925915,-820060132,31,595,28402410,0,16.84,281.7,284.83,-0.02,0.81,-8.21,4,33.4925915,-82.0060132
4/13/2025 14:39,3,1,0,0,334925928,-820060194,31,598,28404304,0,16.25,281.61,284.83,-0.02,0.79,-8.21,4,33.4925928,-82.0060194
4/13/2025 14:39,3,1,0,0,334925941,-820060258,31,602,28439140,0,15.64,281.53,284.83,-0.02,0.44,-8.21,4,33.4925941,-82.0060258
4/13/2025 14:39,3,1,0,0,334925954,-820060321,31,596,28464942,0,15.04,281.43,281.99,0,-2.66,-5.36,4,33.4925954,-82.0060321
4/13/2025 14:39,3,1,0,0,334925968,-820060384,31,609,28490974,0,14.43,281.29,281.99,0,-2.92,-5.36,4,33.4925968,-82.0060384
4/13/2025 14:39,3,1,0,0,334925982,-820060446,31,609,28447796,0,13.84,281.12,281.99,0,-2.49,-5.36,4,33.4925982,-82.0060446
4/13/2025 14:39,3,1,0,0,334925995,-820060509,31,614,28437750,0,13.24,280.99,281.99,-0.01,-2.39,-5.36,4,33.4925995,-82.0060509
4/13/2025 14:39,3,1,0,0,334926009,-820060571,31,611,28485242,0,12.64,280.8,281.99,-0.01,-2.86,-5.36,4,33.4926009,-82.0060571
4/13/2025 14:39,3,1,0,0,334926023,-820060634,31,610,28443336,0,12.04,280.59,281.99,-0.01,-2.44,-5.36,4,33.4926023,-82.0060634
4/13/2025 14:39,3,1,0,0,334926037,-820060696,31,610,28443244,0,11.45,280.36,281.99,-0.01,-2.44,-5.36,4,33.4926037,-82.0060696
4/13/2025 14:39,3,1,0,0,334926050,-820060759,31,610,28520864,0,10.85,280.16,281.99,-0.01,-3.22,-5.36,4,33.492605,-82.0060759
4/13/2025 14:39,3,1,0,0,334926064,-820060822,31,603,28522106,0,10.24,279.88,281.99,-0.01,-3.23,-5.36,4,33.4926064,-82.0060822
4/13/2025 14:39,3,1,0,0,334926078,-820060885,31,601,28503486,0,9.64,279.56,281.99,-0.01,-3.05,-5.36,4,33.4926078,-82.0060885
4/13/2025 14:39,3,1,0,0,334926092,-820060948,31,601,28458860,0,9.04,279.2,284.76,-0.03,0.17,-8.13,4,33.4926092,-82.0060948
4/13/2025 14:39,3,1,0,0,334926105,-820061011,31,597,28450358,0,8.44,278.87,279.95,-0.01,-4.56,-8.13,4,33.4926105,-82.0061011
4/13/2025 14:39,3,1,0,0,334926114,-820061072,31,553,27913192,0,7.87,278.78,279.26,0,0.13,-8.13,4,33.4926114,-82.0061072
4/13/2025 14:39,3,1,0,0,334926121,-820061133,31,582,27805674,0,7.29,278.86,278.82,0,0.77,-8.13,4,33.4926121,-82.0061133
4/13/2025 14:39,3,1,0,0,334926127,-820061196,31,602,27694336,0,6.71,279.06,278.82,0,1.88,-8.13,4,33.4926127,-82.0061196
4/13/2025 14:39,3,1,0,0,334926133,-820061260,31,606,27664780,0,6.11,279.32,278.82,0,2.17,-8.13,4,33.4926133,-82.006126
4/13/2025 14:39,3,1,0,0,334926138,-820061324,31,609,27611264,0,5.52,279.75,278.82,0.01,2.71,-8.13,4,33.4926138,-82.0061324
4/13/2025 14:39,3,1,0,0,334926144,-820061389,31,617,27662660,0,4.91,280.18,278.82,0.01,2.2,-8.13,4,33.4926144,-82.0061389
4/13/2025 14:39,3,1,0,0,334926150,-820061453,31,613,27634800,0,4.31,280.7,278.82,0.01,2.47,-8.13,4,33.492615,-82.0061453
4/13/2025 14:39,3,1,0,0,334926156,-820061518,31,612,27636574,0,3.71,281.41,278.82,0.01,2.46,-8.13,4,33.4926156,-82.0061518
4/13/2025 14:39,3,1,0,0,334926162,-820061584,31,608,27560470,0,3.1,282.45,277.78,0.03,2.18,-7.09,4,33.4926162,-82.0061584
4/13/2025 14:39,3,1,0,0,334926167,-820061650,31,607,27540438,0,2.49,284.23,281.97,0.01,6.56,-7.09,4,33.4926167,-82.006165
4/13/2025 14:39,3,1,0,0,334926174,-820061711,31,549,27897714,0,1.92,286.13,282.78,0.02,3.8,-7.09,4,33.4926174,-82.0061711
4/13/2025 14:39,3,1,0,0,334926182,-820061773,31,589,28121290,0,18.07,282.33,278.66,0.02,-2.55,-2.91,5,33.4926182,-82.0061773
4/13/2025 14:39,3,1,0,0,334926189,-820061824,31,431,28051458,0,17.59,282.41,279.85,0.01,-0.66,-2.91,5,33.4926189,-82.0061824
4/13/2025 14:39,3,1,0,0,334926197,-820061871,31,453,28126820,0,17.15,282.44,279.97,0.01,-1.29,-2.91,5,33.4926197,-82.0061871
4/13/2025 14:39,3,1,0,0,334926217,-820061985,31,583,28237742,0,16.06,282.48,279.97,0.01,-2.4,-2.91,5,33.4926217,-82.0061985
4/13/2025 14:39,3,1,0,0,334926228,-820062046,31,599,28206338,0,15.49,282.49,279.97,0.01,-2.09,-2.91,5,33.4926228,-82.0062046
4/13/2025 14:39,3,1,0,0,334926239,-820062109,31,606,28281516,0,14.89,282.51,279.97,0.01,-2.84,-2.91,5,33.4926239,-82.0062109
4/13/2025 14:39,3,1,0,0,334926251,-820062171,31,608,28241592,0,14.3,282.49,279.97,0.01,-2.44,-2.91,5,33.4926251,-82.0062171
4/13/2025 14:39,3,1,0,0,334926262,-820062234,31,612,28301154,0,13.7,282.52,279.97,0.01,-3.04,-2.91,5,33.4926262,-82.0062234
4/13/2025 14:39,3,1,0,0,334926273,-820062298,31,606,28251802,0,13.1,282.56,279.97,0.01,-2.54,-2.91,5,33.4926273,-82.0062298
4/13/2025 14:39,3,1,0,0,334926285,-820062362,31,604,28284166,0,12.49,282.55,279.97,0.01,-2.87,-2.91,5,33.4926285,-82.0062362
4/13/2025 14:40,3,1,0,0,334926296,-820062426,31,604,28213618,0,11.88,282.6,282.25,0,0.11,-5.19,5,33.4926296,-82.0062426
4/13/2025 14:40,3,1,0,0,334926307,-820062490,31,606,28265348,0,11.27,282.65,282.25,0,-0.41,-5.19,5,33.4926307,-82.006249
4/13/2025 14:40,3,1,0,0,334926318,-820062555,31,608,28232218,0,10.66,282.72,282.25,0,-0.07,-5.19,5,33.4926318,-82.0062555
4/13/2025 14:40,3,1,0,0,334926330,-820062619,31,610,28201632,0,10.05,282.72,282.25,0,0.23,-5.19,5,33.492633,-82.0062619
4/13/2025 14:40,3,1,0,0,334926342,-820062683,31,611,28205032,0,9.44,282.72,282.25,0,0.2,-5.19,5,33.4926342,-82.0062683
4/13/2025 14:40,3,1,0,0,334926354,-820062747,31,615,28216314,0,8.83,282.73,282.25,0,0.08,-5.19,5,33.4926354,-82.0062747
4/13/2025 14:40,3,1,0,0,334926366,-820062810,31,613,28193204,0,8.23,282.72,282.25,0,0.32,-5.19,5,33.4926366,-82.006281
4/13/2025 14:40,3,1,0,0,334926378,-820062873,31,612,28208002,0,7.64,282.71,282.25,0,0.17,-5.19,5,33.4926378,-82.0062873
4/13/2025 14:40,3,1,0,0,334926390,-820062935,31,607,28267790,0,7.05,282.68,282.25,0,-0.43,-5.19,5,33.492639,-82.0062935
4/13/2025 14:40,3,1,0,0,334926402,-820062998,31,612,28269628,0,6.45,282.66,282.25,0,-0.45,-5.19,5,33.4926402,-82.0062998
4/13/2025 14:40,3,1,0,0,334926413,-820063061,31,609,28299810,0,5.85,282.74,282.27,0,-0.73,-5.21,5,33.4926413,-82.0063061
4/13/2025 14:40,3,1,0,0,334926424,-820063125,31,613,28327056,0,5.24,282.87,282.27,0,-1,-5.21,5,33.4926424,-82.0063125
4/13/2025 14:40,3,1,0,0,334926435,-820063188,31,607,28273396,0,4.65,283.01,282.27,0,-0.46,-5.21,5,33.4926435,-82.0063188
4/13/2025 14:40,3,1,0,0,334926447,-820063252,31,606,28316336,0,4.04,283.06,282.27,0,-0.89,-5.21,5,33.4926447,-82.0063252
4/13/2025 14:40,3,1,0,0,334926459,-820063316,31,609,28313836,0,3.43,283.12,282.27,0,-0.87,-5.21,5,33.4926459,-82.0063316
4/13/2025 14:40,3,1,0,0,334926471,-820063380,31,609,28284046,0,2.82,283.22,282.27,0.01,-0.57,-5.21,5,33.4926471,-82.006338
4/13/2025 14:40,3,1,0,0,334926484,-820063444,31,612,28265620,0,2.21,283.09,282.27,0,-0.38,-5.21,5,33.4926484,-82.0063444
4/13/2025 14:40,3,1,0,0,334926496,-820063508,31,615,28261414,0,1.6,283.25,282.27,0.01,-0.34,-5.21,5,33.4926496,-82.0063508
4/13/2025 14:40,3,1,0,0,334926507,-820063563,31,488,28223014,0,18.81,281.19,282.93,-0.01,0.7,-5.86,6,33.4926507,-82.0063563
4/13/2025 14:40,3,1,0,0,334926516,-820063610,31,444,28167954,0,18.36,281.14,282.93,-0.01,1.25,-5.86,6,33.4926516,-82.006361
4/13/2025 14:40,3,1,0,0,334926527,-820063664,31,547,28214804,0,17.84,281.07,282.93,-0.01,0.78,-5.86,6,33.4926527,-82.0063664
4/13/2025 14:40,3,1,0,0,334926538,-820063724,31,579,28265782,0,17.27,281.02,282.93,-0.01,0.27,-5.86,6,33.4926538,-82.0063724
4/13/2025 14:40,3,1,0,0,334926549,-820063786,31,591,28280084,0,16.69,280.99,282.93,-0.01,0.13,-5.86,6,33.4926549,-82.0063786
4/13/2025 14:40,3,1,0,0,334926560,-820063850,31,603,28286710,0,16.08,280.96,282.93,-0.01,0.06,-5.86,6,33.492656,-82.006385
4/13/2025 14:40,3,1,0,0,334926572,-820063914,31,607,28314534,0,15.47,280.9,282.93,-0.01,-0.22,-5.86,6,33.4926572,-82.0063914
4/13/2025 14:40,3,1,0,0,334926584,-820063979,31,609,28306050,0,14.86,280.83,282.93,-0.01,-0.13,-5.86,6,33.4926584,-82.0063979
4/13/2025 14:40,3,1,0,0,334926595,-820064045,31,608,28265426,0,14.23,280.81,282.93,-0.01,0.27,-5.86,6,33.4926595,-82.0064045
4/13/2025 14:40,3,1,0,0,334926608,-820064110,31,614,28312188,0,13.61,280.69,282.93,-0.01,-0.19,-5.86,6,33.4926608,-82.006411
4/13/2025 14:40,3,1,0,0,334926621,-820064176,31,618,28306746,0,12.98,280.56,282.64,-0.01,-0.43,-5.57,6,33.4926621,-82.0064176
4/13/2025 14:40,3,1,0,0,334926635,-820064241,31,618,28340204,0,12.36,280.37,282.64,-0.01,-0.77,-5.57,6,33.4926635,-82.0064241
4/13/2025 14:40,3,1,0,0,334926648,-820064306,31,617,28339602,0,11.74,280.2,282.64,-0.01,-0.76,-5.57,6,33.4926648,-82.0064306
4/13/2025 14:40,3,1,0,0,334926660,-820064370,31,615,28295148,0,11.14,280.07,282.64,-0.01,-0.31,-5.57,6,33.492666,-82.006437
4/13/2025 14:40,3,1,0,0,334926673,-820064434,31,617,28309634,0,10.53,279.86,282.64,-0.02,-0.46,-5.57,6,33.4926673,-82.0064434
4/13/2025 14:40,3,1,0,0,334926685,-820064497,31,623,28323842,0,9.93,279.68,282.64,-0.02,-0.6,-5.57,6,33.4926685,-82.0064497
4/13/2025 14:40,3,1,0,0,334926697,-820064561,31,616,28359736,0,9.32,279.48,282.64,-0.02,-0.96,-5.57,6,33.4926697,-82.0064561
4/13/2025 14:40,3,1,0,0,334926709,-820064625,31,614,28306564,0,8.71,279.26,282.64,-0.02,-0.43,-5.57,6,33.4926709,-82.0064625
4/13/2025 14:40,3,1,0,0,334926722,-820064689,31,616,28320804,0,8.1,278.92,282.64,-0.02,-0.57,-5.57,6,33.4926722,-82.0064689
4/13/2025 14:40,3,1,0,0,334926734,-820064750,31,571,28394116,0,7.52,278.59,280.57,-0.01,-3.37,-5.57,6,33.4926734,-82.006475
4/13/2025 14:40,3,1,0,0,334926744,-820064813,31,603,28022676,0,6.93,278.4,281.19,-0.02,0.96,-6.44,6,33.4926744,-82.0064813
4/13/2025 14:40,3,1,0,0,334926755,-820064878,31,609,28026916,0,6.31,278.1,281.19,-0.02,0.92,-6.44,6,33.4926755,-82.0064878
4/13/2025 14:40,3,1,0,0,334926765,-820064943,31,616,28004412,0,5.7,277.85,281.19,-0.02,1.15,-6.44,6,33.4926765,-82.0064943
4/13/2025 14:40,3,1,0,0,334926775,-820065008,31,620,27982184,0,5.09,277.53,281.19,-0.02,1.37,-6.44,6,33.4926775,-82.0065008
4/13/2025 14:40,3,1,0,0,334926785,-820065071,31,588,28057666,0,4.5,277.11,279.38,-0.01,-1.2,-6.44,6,33.4926785,-82.0065071
4/13/2025 14:40,3,1,0,0,334926793,-820065135,31,610,27672908,0,3.9,276.89,279.32,-0.01,2.59,-6.44,6,33.4926793,-82.0065135
4/13/2025 14:40,3,1,0,0,334926800,-820065200,31,618,27773544,0,3.29,276.8,279.32,-0.01,1.58,-6.44,6,33.49268,-82.00652
4/13/2025 14:40,3,1,0,0,334926807,-820065266,31,623,27768418,0,2.67,276.7,279.32,-0.01,1.63,-6.44,6,33.4926807,-82.0065266
4/13/2025 14:40,3,1,0,0,334926814,-820065333,31,625,27718548,0,2.04,276.56,279.32,-0.02,2.13,-6.44,6,33.4926814,-82.0065333
4/13/2025 14:40,3,1,0,0,334926821,-820065399,31,622,27725008,0,1.43,276.26,279.32,-0.02,2.06,-6.44,6,33.4926821,-82.0065399
4/13/2025 14:40,3,1,0,0,334926827,-820065462,31,568,27694840,0,19.39,282.49,277.87,0.03,0.92,-5.12,7,33.4926827,-82.0065462
4/13/2025 14:40,3,1,0,0,334926833,-820065511,31,418,28108406,0,18.93,282.59,281.75,0,0.66,-5.12,7,33.4926833,-82.0065511
4/13/2025 14:40,3,1,0,0,334926839,-820065560,31,495,28040620,0,18.47,282.69,283.18,0,2.78,-5.12,7,33.4926839,-82.006556
4/13/2025 14:40,3,1,0,0,334926849,-820065618,31,567,28218180,0,17.93,282.73,283.37,0,1.19,-5.12,7,33.4926849,-82.0065618
4/13/2025 14:40,3,1,0,0,334926860,-820065680,31,600,28217244,0,17.34,282.75,283.37,0,1.2,-5.12,7,33.492686,-82.006568
4/13/2025 14:40,3,1,0,0,334926871,-820065743,31,613,28262754,0,16.74,282.78,283.37,0,0.74,-5.12,7,33.4926871,-82.0065743
4/13/2025 14:40,3,1,0,0,334926884,-820065807,31,618,28243070,0,16.13,282.75,283.37,0,0.94,-5.12,7,33.4926884,-82.0065807
4/13/2025 14:40,3,1,0,0,334926896,-820065871,31,625,28267076,0,15.52,282.75,283.37,0,0.7,-5.12,7,33.4926896,-82.0065871
4/13/2025 14:40,3,1,0,0,334926908,-820065937,31,623,28258174,0,14.89,282.77,283.37,0,0.79,-5.12,7,33.4926908,-82.0065937
4/13/2025 14:40,3,1,0,0,334926920,-820066002,31,622,28259182,0,14.28,282.78,283.37,0,0.78,-5.12,7,33.492692,-82.0066002
4/13/2025 14:40,3,1,0,0,334926932,-820066067,31,616,28305512,0,13.66,282.8,282.3,0,-0.75,-4.05,7,33.4926932,-82.0066067
4/13/2025 14:40,3,1,0,0,334926944,-820066133,31,619,28336630,0,13.03,282.82,282.3,0,-1.07,-4.05,7,33.4926944,-82.0066133
4/13/2025 14:41,3,1,0,0,334926956,-820066198,31,617,28347242,0,12.42,282.84,282.3,0,-1.17,-4.05,7,33.4926956,-82.0066198
4/13/2025 14:41,3,1,0,0,334926969,-820066264,31,620,28357770,0,11.79,282.81,282.3,0,-1.28,-4.05,7,33.4926969,-82.0066264
4/13/2025 14:41,3,1,0,0,334926982,-820066331,31,620,28354312,0,11.15,282.8,282.3,0,-1.24,-4.05,7,33.4926982,-82.0066331
4/13/2025 14:41,3,1,0,0,334926994,-820066396,31,615,28440010,0,10.53,282.82,282.3,0,-2.1,-4.05,7,33.4926994,-82.0066396
4/13/2025 14:41,3,1,0,0,334927006,-820066461,31,626,28394798,0,9.91,282.84,282.3,0,-1.65,-4.05,7,33.4927006,-82.0066461
4/13/2025 14:41,3,1,0,0,334927019,-820066526,31,628,28358602,0,9.29,282.79,282.3,0,-1.29,-4.05,7,33.4927019,-82.0066526
4/13/2025 14:41,3,1,0,0,334927031,-820066591,31,625,28381904,0,8.68,282.81,282.3,0,-1.52,-4.05,7,33.4927031,-82.0066591
4/13/2025 14:41,3,1,0,0,334927044,-820066656,31,628,28354462,0,8.06,282.76,282.3,0,-1.24,-4.05,7,33.4927044,-82.0066656
4/13/2025 14:41,3,1,0,0,334927056,-820066721,31,628,28349212,0,7.44,282.79,283.63,0,0.14,-5.38,7,33.4927056,-82.0066721
4/13/2025 14:41,3,1,0,0,334927068,-820066786,31,621,28369634,0,6.82,282.81,283.63,0,-0.07,-5.38,7,33.4927068,-82.0066786
4/13/2025 14:41,3,1,0,0,334927081,-820066852,31,619,28413834,0,6.19,282.77,283.63,0,-0.51,-5.38,7,33.4927081,-82.0066852
4/13/2025 14:41,3,1,0,0,334927095,-820066918,31,620,28481742,0,5.56,282.59,283.63,-0.01,-1.19,-5.38,7,33.4927095,-82.0066918
4/13/2025 14:41,3,1,0,0,334927109,-820066983,31,618,28478658,0,4.94,282.36,283.63,-0.01,-1.16,-5.38,7,33.4927109,-82.0066983
4/13/2025 14:41,3,1,0,0,334927123,-820067048,31,616,28493872,0,4.32,282.05,283.63,-0.01,-1.31,-5.38,7,33.4927123,-82.0067048
4/13/2025 14:41,3,1,0,0,334927137,-820067114,31,622,28513548,0,3.68,281.67,283.63,-0.01,-1.5,-5.38,7,33.4927137,-82.0067114
4/13/2025 14:41,3,1,0,0,334927152,-820067179,31,622,28578774,0,3.06,280.89,283.63,-0.02,-2.16,-5.38,7,33.4927152,-82.0067179
4/13/2025 14:41,3,1,0,0,334927168,-820067244,31,629,28583664,0,2.44,279.46,283.63,-0.02,-2.21,-5.38,7,33.4927168,-82.0067244
4/13/2025 14:41,3,1,0,0,334927183,-820067309,31,629,28599626,0,1.81,277.4,280.76,-0.02,-5.24,-5.38,7,33.4927183,-82.0067309
4/13/2025 14:41,3,1,0,0,334927196,-820067371,31,607,28278548,0,19.42,282.43,281.46,0.01,-1.32,-6.9,8,33.4927196,-82.0067371
4/13/2025 14:41,3,1,0,0,334927205,-820067421,31,434,28099630,0,18.95,282.44,281.02,0.01,0.03,-6.9,8,33.4927205,-82.0067421
4/13/2025 14:41,3,1,0,0,334927214,-820067471,31,517,28164708,0,18.48,282.45,281.02,0.01,-0.62,-6.9,8,33.4927214,-82.0067471
4/13/2025 14:41,3,1,0,0,334927225,-820067528,31,578,28184694,0,17.93,282.43,281.02,0.01,-0.82,-6.9,8,33.4927225,-82.0067528
4/13/2025 14:41,3,1,0,0,334927237,-820067591,31,599,28237248,0,17.33,282.41,281.02,0.01,-1.35,-6.9,8,33.4927237,-82.0067591
4/13/2025 14:41,3,1,0,0,334927249,-820067654,31,606,28304358,0,16.73,282.4,281.02,0.01,-2.02,-6.9,8,33.4927249,-82.0067654
4/13/2025 14:41,3,1,0,0,334927262,-820067718,31,611,28398552,0,16.12,282.35,281.02,0.01,-2.96,-6.9,8,33.4927262,-82.0067718
4/13/2025 14:41,3,1,0,0,334927275,-820067783,31,617,28384558,0,15.5,282.3,281.02,0.01,-2.82,-6.9,8,33.4927275,-82.0067783
4/13/2025 14:41,3,1,0,0,334927288,-820067848,31,619,28376092,0,14.88,282.25,281.02,0.01,-2.74,-6.9,8,33.4927288,-82.0067848
4/13/2025 14:41,3,1,0,0,334927301,-820067913,31,619,28426172,0,14.26,282.2,281.02,0.01,-3.24,-6.9,8,33.4927301,-82.0067913
4/13/2025 14:41,3,1,0,0,334927314,-820067977,31,625,28412784,0,13.65,282.13,282.81,0,-1.32,-8.69,8,33.4927314,-82.0067977
4/13/2025 14:41,3,1,0,0,334927327,-820068042,31,632,28432800,0,13.03,282.07,282.81,0,-1.52,-8.69,8,33.4927327,-82.0068042
4/13/2025 14:41,3,1,0,0,334927341,-820068106,31,633,28450124,0,12.42,281.94,282.81,0,-1.69,-8.69,8,33.4927341,-82.0068106
4/13/2025 14:41,3,1,0,0,334927355,-820068171,31,635,28456682,0,11.8,281.8,282.81,-0.01,-1.76,-8.69,8,33.4927355,-82.0068171
4/13/2025 14:41,3,1,0,0,334927369,-820068237,31,635,28469548,0,11.17,281.67,282.81,-0.01,-1.88,-8.69,8,33.4927369,-82.0068237
4/13/2025 14:41,3,1,0,0,334927384,-820068303,31,639,28543658,0,10.53,281.45,282.81,-0.01,-2.63,-8.69,8,33.4927384,-82.0068303
4/13/2025 14:41,3,1,0,0,334927399,-820068369,31,631,28489896,0,9.9,281.21,282.81,-0.01,-2.09,-8.69,8,33.4927399,-82.0068369
4/13/2025 14:41,3,1,0,0,334927413,-820068435,31,636,28535512,0,9.27,281,282.81,-0.01,-2.54,-8.69,8,33.4927413,-82.0068435
4/13/2025 14:41,3,1,0,0,334927429,-820068501,31,636,28608382,0,8.64,280.61,282.81,-0.01,-3.27,-8.69,8,33.4927429,-82.0068501
4/13/2025 14:41,3,1,0,0,334927445,-820068568,31,642,28655966,0,7.99,280.18,282.81,-0.01,-3.75,-8.69,8,33.4927445,-82.0068568
4/13/2025 14:41,3,1,0,0,334927462,-820068635,31,643,28696606,0,7.35,279.59,285.06,-0.03,-1.91,-10.93,8,33.4927462,-82.0068635
4/13/2025 14:41,3,1,0,0,334927480,-820068702,31,637,28698814,0,6.7,278.78,280.37,-0.01,-6.62,-10.93,8,33.492748,-82.0068702
4/13/2025 14:41,3,1,0,0,334927505,-820068829,31,623,28178984,0,5.5,277.79,279.87,-0.01,-1.92,-10.93,8,33.4927505,-82.0068829
4/13/2025 14:41,3,1,0,0,334927517,-820068895,31,628,28128530,0,4.87,277.21,279.74,-0.01,-1.54,-10.93,8,33.4927517,-82.0068895
4/13/2025 14:41,3,1,0,0,334927528,-820068962,31,642,28187160,0,4.24,276.63,279.74,-0.02,-2.13,-10.93,8,33.4927528,-82.0068962
4/13/2025 14:41,3,1,0,0,334927541,-820069029,31,645,28237798,0,3.61,275.49,279.74,-0.02,-2.64,-10.93,8,33.4927541,-82.0069029
4/13/2025 14:41,3,1,0,0,334927550,-820069094,31,617,27963734,0,3,274.68,277.12,-0.01,-2.52,-10.93,8,33.492755,-82.0069094
4/13/2025 14:41,3,1,0,0,334927559,-820069160,31,628,28007312,0,2.38,273.48,277.12,-0.02,-2.96,-10.93,8,33.4927559,-82.006916
4/13/2025 14:41,3,1,0,0,334927567,-820069225,31,599,27787098,0,1.77,271.8,275.24,-0.02,-2.63,-10.93,8,33.4927567,-82.0069225
4/13/2025 14:41,3,1,0,0,334927572,-820069279,31,472,27753204,0,17.25,280.25,277.57,0.01,0.04,-13.69,9,33.4927572,-82.0069279
4/13/2025 14:41,3,1,0,0,334927577,-820069332,31,501,27722596,0,16.76,280.36,277.44,0.02,0.22,-13.69,9,33.4927577,-82.0069332
4/13/2025 14:41,3,1,0,0,334927582,-820069390,31,579,27775746,0,16.22,280.51,277.44,0.02,-0.31,-13.69,9,33.4927582,-82.006939
4/13/2025 14:41,3,1,0,0,334927589,-820069454,31,608,27755370,0,15.62,280.63,277.44,0.02,-0.11,-13.69,9,33.4927589,-82.0069454
4/13/2025 14:41,3,1,0,0,334927597,-820069520,31,631,27833042,0,15,280.73,277.44,0.02,-0.89,-13.69,9,33.4927597,-82.006952
4/13/2025 14:41,3,1,0,0,334927605,-820069587,31,642,27816860,0,14.37,280.84,277.44,0.02,-0.73,-13.69,9,33.4927605,-82.0069587
4/13/2025 14:41,3,1,0,0,334927615,-820069654,31,643,27915828,0,13.74,280.87,277.44,0.02,-1.72,-13.69,9,33.4927615,-82.0069654
4/13/2025 14:41,3,1,0,0,334927624,-820069720,31,639,27914254,0,13.12,280.94,277.44,0.02,-1.7,-13.69,9,33.4927624,-82.006972
4/13/2025 14:41,3,1,0,0,334927634,-820069786,31,641,27945094,0,12.5,280.98,277.44,0.02,-2.01,-13.69,9,33.4927634,-82.0069786
4/13/2025 14:41,3,1,0,0,334927643,-820069852,31,645,28006240,0,11.88,281.07,277.44,0.02,-2.62,-13.69,9,33.4927643,-82.0069852
4/13/2025 14:41,3,1,0,0,334927654,-820069916,31,612,28209104,0,11.27,281.03,280.05,0.01,-2.04,-14.68,9,33.4927654,-82.0069916
4/13/2025 14:41,3,1,0,0,334927667,-820069980,31,618,28338960,0,10.66,280.88,280.05,0,-3.34,-14.68,9,33.4927667,-82.006998
4/13/2025 14:42,3,1,0,0,334927679,-820070045,31,626,28364186,0,10.05,280.78,280.05,0,-3.59,-14.68,9,33.4927679,-82.0070045
4/13/2025 14:42,3,1,0,0,334927693,-820070111,31,631,28412652,0,9.42,280.55,280.05,0,-4.08,-14.68,9,33.4927693,-82.0070111
4/13/2025 14:42,3,1,0,0,334927706,-820070177,31,631,28424942,0,8.79,280.35,280.05,0,-4.2,-14.68,9,33.4927706,-82.0070177
4/13/2025 14:42,3,1,0,0,334927721,-820070242,31,627,28484250,0,8.17,279.96,280.05,0,-4.79,-14.68,9,33.4927721,-82.0070242
4/13/2025 14:42,3,1,0,0,334927735,-820070308,31,630,28505880,0,7.54,279.6,280.05,0,-5.01,-14.68,9,33.4927735,-82.0070308
4/13/2025 14:42,3,1,0,0,334927750,-820070373,31,634,28460942,0,6.91,279.07,280.05,-0.01,-4.56,-14.68,9,33.492775,-82.0070373
4/13/2025 14:42,3,1,0,0,334927765,-820070439,31,630,28518994,0,6.28,278.45,280.05,-0.01,-5.14,-14.68,9,33.4927765,-82.0070439
4/13/2025 14:42,3,1,0,0,334927781,-820070505,31,635,28536940,0,5.65,277.58,280.05,-0.01,-5.32,-14.68,9,33.4927781,-82.0070505
4/13/2025 14:42,3,1,0,0,334927797,-820070571,31,632,28569644,0,5.02,276.48,284.26,-0.04,-1.44,-18.88,9,33.4927797,-82.0070571
4/13/2025 14:42,3,1,0,0,334927811,-820070628,31,536,28659032,0,4.48,275.27,277.51,-0.01,-9.08,-18.88,9,33.4927811,-82.0070628
4/13/2025 14:42,3,1,0,0,334927819,-820070689,31,593,27726060,0,3.91,274.73,276.19,-0.01,-1.07,-18.88,9,33.4927819,-82.0070689
4/13/2025 14:42,3,1,0,0,334927827,-820070754,31,608,27847204,0,3.3,274.06,275.94,-0.01,-2.53,-18.88,9,33.4927827,-82.0070754
4/13/2025 14:42,3,1,0,0,334927835,-820070820,31,620,27800804,0,2.68,273.09,275.94,-0.02,-2.06,-18.88,9,33.4927835,-82.007082
4/13/2025 14:42,3,1,0,0,334927843,-820070887,31,625,27867046,0,2.06,271.55,275.94,-0.02,-2.73,-18.88,9,33.4927843,-82.0070887
4/13/2025 14:42,3,1,0,0,334927850,-820070950,31,564,27821796,0,1.48,269.14,272.82,-0.02,-5.4,-18.88,9,33.492785,-82.007095
