Time, fixType, gnssFixOk, headVehValid, invalid_llh, latitude, longitude, SIV, groundSpeed, headingMotion, headingVehicle, distanceBetween, targetHeading, currentHeading, headingError, gpsError, averageGPSError, index
4/8/21466 0:0:15, 129, 0, 0, 0, 0, 0, 0, 0, 0, 0, 9269517.43, 303.75, 352.69, -0.27, 352.69, 0.00, 0
4/8/2004 0:0:15, 97, 0, 0, 200, 1090021888, 0, 0, 1202590843, 1064598241, 1483, 6790776.92, 250.69, 353.75, -0.57, -10292.23, 0.00, 0
4/11/2025 18:13:23, 2, 1, 0, 0, 334924456, -820050569, 3, 205, 243568, 0, 13.52, 276.85, 357.56, -0.45, 355.13, 0.00, 0
4/11/2025 18:13:23, 2, 1, 0, 0, 334924456, -820050569, 3, 205, 243568, 0, 13.52, 276.85, 280.44, -0.02, 278.00, 0.00, 0
4/11/2025 18:13:30, 2, 1, 0, 0, 334924554, -820050637, 3, 200, 243568, 0, 12.80, 272.34, 270.31, 0.01, 267.88, 0.00, 0
4/11/2025 18:13:31, 3, 1, 0, 0, 334924594, -820050988, 11, 380, 26195388, 0, 9.54, 270.47, 265.62, 0.03, 3.67, 0.00, 0
4/11/2025 18:13:32, 3, 1, 0, 0, 334924596, -820051026, 11, 273, 25072658, 0, 9.18, 270.35, 269.25, 0.01, 18.52, 0.00, 0
4/11/2025 18:13:33, 3, 1, 0, 0, 334924592, -820051063, 11, 375, 25815782, 0, 8.84, 270.65, 269.12, 0.01, 10.97, 0.00, 0
4/11/2025 18:13:34, 3, 1, 0, 0, 334924585, -820051106, 11, 417, 25830538, 0, 8.44, 271.21, 288.84, -0.10, 30.53, -20.46, 0
4/11/2025 18:13:35, 3, 1, 0, 0, 334924580, -820051145, 11, 342, 26131930, 0, 8.08, 271.66, 274.65, -0.02, 13.33, -20.46, 0
4/11/2025 18:13:36, 3, 1, 0, 0, 334924572, -820051174, 11, 277, 24416642, 0, 7.82, 272.36, 267.65, 0.03, 23.49, -20.46, 0
4/11/2025 18:13:37, 3, 1, 0, 0, 334924554, -820051206, 11, 401, 23323820, 0, 7.53, 273.98, 271.71, 0.01, 38.48, -20.46, 0
4/11/2025 18:13:38, 3, 1, 0, 0, 334924534, -820051238, 11, 386, 23616896, 0, 7.25, 275.90, 272.34, 0.02, 36.17, -20.46, 0
4/11/2025 18:13:39, 3, 1, 0, 0, 334924524, -820051292, 15, 446, 24702016, 0, 6.77, 277.27, 272.28, 0.03, 25.26, -20.46, 0
4/11/2025 18:13:40, 3, 1, 0, 0, 334924513, -820051344, 16, 430, 24464118, 0, 6.31, 278.92, 276.96, 0.01, 32.32, -20.46, 0
4/11/2025 18:13:41, 3, 1, 0, 0, 334924502, -820051393, 16, 440, 25199742, 0, 5.88, 280.79, 277.84, 0.02, 25.84, -20.46, 0
4/11/2025 18:13:42, 3, 1, 0, 0, 334924493, -820051442, 16, 458, 25531278, 0, 5.46, 282.71, 278.21, 0.02, 22.90, -20.46, 0
4/11/2025 18:13:43, 3, 1, 0, 0, 334924487, -820051487, 16, 469, 25069666, 0, 5.07, 284.49, 282.53, 0.01, 31.83, -20.46, 0
4/11/2025 18:13:44, 3, 1, 0, 0, 334924480, -820051539, 16, 497, 25776344, 0, 4.62, 286.92, 255.63, 0.17, -2.13, 7.56, 0
4/11/2025 18:13:44, 3, 1, 0, 0, 334924480, -820051539, 16, 497, 25776344, 0, 4.62, 286.92, 283.38, 0.02, 25.62, 7.56, 0
4/11/2025 18:13:47, 3, 1, 0, 0, 334924492, -820051655, 20, 212, 28602016, 0, 3.56, 289.90, 294.75, -0.03, 8.73, 7.56, 0
4/11/2025 18:13:48, 3, 1, 0, 0, 334924513, -820051689, 26, 393, 30226790, 0, 3.19, 287.88, 292.07, -0.02, -10.20, 7.56, 0
4/11/2025 18:13:49, 3, 1, 0, 0, 334924535, -820051728, 26, 400, 29625088, 0, 2.77, 285.37, 290.00, -0.03, -6.25, 7.56, 0
4/11/2025 18:13:50, 3, 1, 0, 0, 334924557, -820051773, 26, 471, 29428316, 0, 2.31, 282.25, 286.25, -0.02, -8.03, 7.56, 0
4/11/2025 18:13:51, 3, 1, 0, 0, 334924578, -820051819, 26, 477, 29122230, 0, 1.85, 277.97, 284.25, -0.03, -6.97, 7.56, 0
4/11/2025 18:13:52, 3, 1, 0, 0, 334924597, -820051867, 26, 472, 28807548, 0, 13.91, 287.83, 278.75, 0.05, -9.32, 7.56, 1
4/11/2025 18:13:53, 3, 1, 0, 0, 334924611, -820051905, 26, 337, 28651442, 0, 13.53, 287.66, 284.44, 0.02, -2.07, 7.56, 1
4/11/2025 18:13:54, 3, 1, 0, 0, 334924619, -820051933, 26, 249, 27904194, 0, 13.26, 287.63, 292.19, -0.03, 13.15, 7.56, 1
4/11/2025 18:13:55, 3, 1, 0, 0, 334924635, -820051969, 27, 416, 29418576, 0, 12.88, 287.33, 289.13, -0.01, -5.06, 7.56, 1
4/11/2025 18:13:56, 3, 1, 0, 0, 334924656, -820052014, 27, 456, 29317328, 0, 12.42, 286.87, 290.13, -0.02, -3.04, 7.56, 1
4/11/2025 18:13:57, 3, 1, 0, 0, 334924678, -820052063, 27, 493, 29207012, 0, 11.91, 286.38, 292.13, -0.03, 0.06, 7.56, 1
4/11/2025 18:13:58, 3, 1, 0, 0, 334924701, -820052112, 27, 492, 29758998, 0, 11.40, 285.79, 287.88, -0.01, -9.71, 7.56, 1
4/11/2025 18:13:59, 3, 1, 0, 0, 334924721, -820052155, 27, 425, 29353752, 0, 10.96, 285.24, 289.38, -0.02, -4.16, 7.56, 1
4/11/2025 18:14:0, 3, 1, 0, 0, 334924741, -820052200, 27, 461, 29547158, 0, 10.50, 284.67, 287.94, -0.02, -7.53, 7.56, 1
4/11/2025 18:14:1, 3, 1, 0, 0, 334924760, -820052242, 27, 428, 29368084, 0, 10.07, 284.06, 290.82, -0.04, -2.86, 7.56, 1
4/11/2025 18:14:2, 3, 1, 0, 0, 334924779, -820052285, 27, 451, 29607166, 0, 9.63, 283.42, 288.83, -0.03, -7.24, 4.48, 1
4/11/2025 18:14:3, 3, 1, 0, 0, 334924796, -820052322, 27, 353, 29449290, 0, 9.25, 282.78, 284.39, -0.01, -10.10, 4.48, 1
4/11/2025 18:14:4, 3, 1, 0, 0, 334924810, -820052360, 27, 387, 28692358, 0, 8.88, 282.30, 286.45, -0.02, -0.47, 4.48, 1
4/11/2025 18:14:5, 3, 1, 0, 0, 334924823, -820052399, 27, 402, 28819910, 0, 8.49, 281.87, 285.14, -0.02, -3.06, 4.48, 1
4/11/2025 18:14:6, 3, 1, 0, 0, 334924836, -820052436, 27, 353, 29126430, 0, 8.13, 281.37, 287.70, -0.04, -3.56, 4.48, 1
4/11/2025 18:14:7, 3, 1, 0, 0, 334924850, -820052473, 27, 385, 29089754, 0, 7.76, 280.74, 283.20, -0.01, -7.69, 4.48, 1
4/11/2025 18:14:8, 3, 1, 0, 0, 334924862, -820052508, 27, 328, 28781056, 0, 7.42, 280.19, 283.52, -0.02, -4.30, 4.48, 1
4/11/2025 18:14:9, 3, 1, 0, 0, 334924873, -820052548, 27, 416, 28386608, 0, 7.03, 279.75, 286.02, -0.03, 2.15, 4.48, 1
4/11/2025 18:14:10, 3, 1, 0, 0, 334924886, -820052591, 27, 433, 28823172, 0, 6.61, 279.10, 281.45, -0.01, -6.78, 4.48, 1
4/11/2025 18:14:11, 3, 1, 0, 0, 334924897, -820052628, 27, 351, 28581634, 0, 6.26, 278.49, 281.64, -0.02, -4.18, 4.48, 1
4/11/2025 18:14:12, 3, 1, 0, 0, 334924907, -820052670, 27, 414, 28362960, 0, 5.85, 277.97, 284.39, -0.04, 0.76, 4.48, 1
4/11/2025 18:14:13, 3, 1, 0, 0, 334924919, -820052711, 27, 398, 28795402, 0, 5.46, 277.14, 283.87, -0.04, -4.08, 0.44, 1
4/11/2025 18:14:14, 3, 1, 0, 0, 334924929, -820052742, 27, 266, 28955070, 0, 5.16, 276.31, 277.43, -0.01, -12.12, 0.44, 1
4/11/2025 18:14:15, 3, 1, 0, 0, 334924935, -820052772, 27, 283, 27682016, 0, 4.88, 275.89, 276.93, -0.01, 0.11, 0.44, 1
4/11/2025 18:14:16, 3, 1, 0, 0, 334924939, -820052808, 27, 357, 27433666, 0, 4.54, 275.76, 277.81, -0.01, 3.47, 0.44, 1
4/11/2025 18:14:17, 3, 1, 0, 0, 334924942, -820052849, 27, 400, 27482924, 0, 4.16, 275.83, 278.81, -0.02, 3.98, 0.44, 1
4/11/2025 18:14:18, 3, 1, 0, 0, 334924947, -820052894, 28, 423, 27580222, 0, 3.74, 275.64, 280.25, -0.03, 4.44, 0.44, 1
4/11/2025 18:14:19, 3, 1, 0, 0, 334924952, -820052940, 28, 439, 27428714, 0, 3.31, 275.40, 276.87, -0.01, 2.58, 0.44, 1
4/11/2025 18:14:20, 3, 1, 0, 0, 334924956, -820052985, 28, 400, 27200862, 0, 2.89, 275.30, 276.68, -0.01, 4.67, 0.44, 1
4/11/2025 18:14:21, 3, 1, 0, 0, 334924959, -820053032, 28, 441, 26972898, 0, 2.45, 275.47, 276.68, -0.01, 6.95, 0.44, 1
4/11/2025 18:14:22, 3, 1, 0, 0, 334924962, -820053082, 28, 463, 27104816, 0, 1.99, 275.79, 276.62, -0.00, 5.57, 0.44, 1
4/11/2025 18:14:23, 3, 1, 0, 0, 334924965, -820053131, 28, 445, 26932884, 0, 14.37, 288.27, 274.74, 0.08, 5.41, 2.01, 2
4/11/2025 18:14:24, 3, 1, 0, 0, 334924968, -820053165, 28, 250, 27170774, 0, 14.06, 288.54, 284.67, 0.02, 12.97, 2.01, 2
4/11/2025 18:14:26, 3, 1, 0, 0, 334924974, -820053204, 28, 221, 28644518, 0, 13.70, 288.76, 293.61, -0.03, 7.17, 2.01, 2
4/11/2025 18:14:27, 3, 1, 0, 0, 334924985, -820053228, 28, 237, 29609394, 0, 13.45, 288.57, 290.05, -0.01, -6.04, 2.01, 2
4/11/2025 18:14:28, 3, 1, 0, 0, 334924997, -820053261, 28, 357, 28810412, 0, 13.11, 288.45, 289.36, -0.01, 1.26, 2.01, 2
4/11/2025 18:14:29, 3, 1, 0, 0, 334925009, -820053302, 28, 415, 28626490, 0, 12.71, 288.42, 289.67, -0.01, 3.41, 2.01, 2
4/11/2025 18:14:30, 3, 1, 0, 0, 334925023, -820053348, 28, 442, 28888840, 0, 12.26, 288.36, 290.67, -0.01, 1.79, 2.01, 2
4/11/2025 18:14:31, 3, 1, 0, 0, 334925040, -820053393, 29, 460, 28981190, 0, 11.80, 288.12, 291.99, -0.02, 2.17, 2.01, 2
4/11/2025 18:14:32, 3, 1, 0, 0, 334925056, -820053434, 29, 381, 28979742, 0, 11.38, 287.87, 290.30, -0.01, 0.50, 2.01, 2
4/11/2025 18:14:33, 3, 1, 0, 0, 334925071, -820053475, 29, 410, 28817428, 0, 10.97, 287.65, 291.30, -0.02, 3.12, 2.01, 2
4/11/2025 18:14:34, 3, 1, 0, 0, 334925087, -820053515, 29, 394, 29126806, 0, 10.56, 287.34, 287.00, 0.00, -4.27, 5.19, 2
4/11/2025 18:14:35, 3, 1, 0, 0, 334925103, -820053559, 29, 454, 29015956, 0, 10.12, 287.06, 288.13, -0.01, -2.03, 5.19, 2
4/11/2025 18:14:36, 3, 1, 0, 0, 334925122, -820053606, 29, 476, 29250400, 0, 9.64, 286.62, 289.75, -0.02, -2.75, 5.19, 2
4/11/2025 18:14:37, 3, 1, 0, 0, 334925142, -820053653, 29, 479, 29479862, 0, 9.16, 286.07, 291.44, -0.03, -3.36, 5.19, 2
4/11/2025 18:14:38, 3, 1, 0, 0, 334925162, -820053693, 29, 392, 29927140, 0, 8.74, 285.34, 287.63, -0.01, -11.65, 5.19, 2
4/11/2025 18:14:39, 3, 1, 0, 0, 334925179, -820053737, 29, 461, 28855594, 0, 8.30, 284.83, 288.94, -0.02, 0.38, 5.19, 2
4/11/2025 18:14:40, 3, 1, 0, 0, 334925195, -820053779, 29, 402, 29433302, 0, 7.88, 284.30, 286.63, -0.01, -7.71, 5.19, 2
4/11/2025 18:14:41, 3, 1, 0, 0, 334925210, -820053825, 29, 465, 28790382, 0, 7.42, 283.87, 287.38, -0.02, -0.53, 5.19, 2
4/11/2025 18:14:42, 3, 1, 0, 0, 334925226, -820053875, 31, 494, 28895246, 0, 6.93, 283.36, 288.50, -0.03, -0.45, 5.19, 2
4/11/2025 18:14:43, 3, 1, 0, 0, 334925243, -820053919, 31, 412, 29626112, 0, 6.49, 282.57, 284.75, -0.01, -11.51, 5.19, 2
4/11/2025 18:14:44, 3, 1, 0, 0, 334925258, -820053962, 31, 427, 28622408, 0, 6.07, 281.85, 286.13, -0.02, -0.10, 5.19, 2
4/11/2025 18:14:45, 3, 1, 0, 0, 334925274, -820054000, 31, 381, 29573108, 0, 5.69, 280.83, 288.00, -0.04, -7.74, 1.19, 2
4/11/2025 18:14:46, 3, 1, 0, 0, 334925289, -820054036, 32, 352, 29401046, 0, 5.33, 279.74, 282.25, -0.01, -11.77, 1.19, 2
4/11/2025 18:14:47, 3, 1, 0, 0, 334925298, -820054075, 32, 384, 28164332, 0, 4.95, 279.30, 282.06, -0.02, 0.41, 1.19, 2
4/11/2025 18:14:48, 3, 1, 0, 0, 334925307, -820054119, 32, 430, 28072706, 0, 4.53, 278.89, 283.93, -0.03, 3.21, 1.19, 2
4/11/2025 18:14:49, 3, 1, 0, 0, 334925319, -820054161, 32, 386, 28994034, 0, 4.13, 277.89, 280.62, -0.02, -9.32, 1.19, 2
4/11/2025 18:14:50, 3, 1, 0, 0, 334925327, -820054205, 32, 430, 27882338, 0, 3.71, 277.40, 281.56, -0.02, 2.73, 1.19, 2
4/11/2025 18:14:51, 3, 1, 0, 0, 334925336, -820054248, 32, 397, 28526114, 0, 3.31, 276.57, 279.37, -0.02, -5.89, 1.19, 2
4/11/2025 18:14:52, 3, 1, 0, 0, 334925345, -820054293, 32, 443, 27764556, 0, 2.88, 275.54, 280.18, -0.03, 2.54, 1.19, 2
4/11/2025 18:14:53, 3, 1, 0, 0, 334925354, -820054339, 32, 429, 28465180, 0, 2.45, 274.17, 277.25, -0.02, -7.41, 1.19, 2
4/11/2025 18:14:54, 3, 1, 0, 0, 334925362, -820054388, 32, 464, 27530138, 0, 1.99, 272.57, 277.75, -0.03, 2.44, 1.19, 2
4/11/2025 18:14:55, 3, 1, 0, 0, 334925369, -820054435, 32, 428, 28001404, 0, 25.99, 254.36, 276.57, -0.12, -3.44, -1.88, 3
4/11/2025 18:14:55, 3, 1, 0, 0, 334925369, -820054435, 32, 428, 28001404, 0, 25.99, 254.36, 257.76, -0.02, -22.25, -1.88, 3
4/11/2025 18:14:58, 3, 1, 0, 0, 334925370, -820054522, 32, 294, 24707852, 0, 25.22, 253.84, 250.63, 0.02, 3.56, -1.88, 3
4/11/2025 18:14:59, 3, 1, 0, 0, 334925356, -820054557, 32, 409, 24108858, 0, 24.86, 253.98, 248.57, 0.03, 7.48, -1.88, 3
4/11/2025 18:15:0, 3, 1, 0, 0, 334925339, -820054589, 32, 334, 23223854, 0, 24.52, 254.21, 253.20, 0.01, 20.96, -1.88, 3
4/11/2025 18:15:1, 3, 1, 0, 0, 334925322, -820054624, 32, 405, 24156076, 0, 24.16, 254.43, 253.01, 0.01, 11.45, -1.88, 3
4/11/2025 18:15:2, 3, 1, 0, 0, 334925305, -820054664, 32, 432, 24112182, 0, 23.75, 254.63, 251.63, 0.02, 10.51, -1.88, 3
4/11/2025 18:15:3, 3, 1, 0, 0, 334925286, -820054705, 32, 444, 23990170, 0, 23.33, 254.88, 249.26, 0.03, 9.36, -1.88, 3
4/11/2025 18:15:4, 3, 1, 0, 0, 334925267, -820054737, 32, 355, 23024466, 0, 22.99, 255.20, 253.82, 0.01, 23.58, -1.88, 3
4/11/2025 18:15:5, 3, 1, 0, 0, 334925249, -820054793, 32, 391, 23885242, 0, 22.43, 255.35, 253.70, 0.01, 14.84, -1.88, 3
4/11/2025 18:15:6, 3, 1, 0, 0, 334925210, -820054821, 32, 436, 24213988, 0, 22.08, 256.27, 244.23, 0.07, 2.09, 5.83, 3
4/11/2025 18:15:7, 3, 1, 0, 0, 334925159, -820054840, 32, 378, 23241836, 0, 21.78, 257.61, 252.73, 0.03, 20.32, 5.83, 3
4/11/2025 18:15:8, 3, 1, 0, 0, 334925134, -820054865, 32, 264, 24874544, 0, 21.49, 258.20, 258.36, -0.00, 9.61, 5.83, 3
4/11/2025 18:15:9, 3, 1, 0, 0, 334925113, -820054899, 32, 395, 25422202, 0, 21.14, 258.65, 257.86, 0.00, 3.64, 5.83, 3
4/11/2025 18:15:10, 3, 1, 0, 0, 334925099, -820054939, 32, 406, 25561568, 0, 20.74, 258.87, 256.55, 0.01, 0.93, 5.83, 3
4/11/2025 18:15:11, 3, 1, 0, 0, 334925084, -820054981, 32, 431, 25402626, 0, 20.33, 259.12, 255.80, 0.02, 1.77, 5.83, 3
4/11/2025 18:15:12, 3, 1, 0, 0, 334925081, -820055015, 32, 443, 25335076, 0, 20.01, 259.04, 255.73, 0.02, 2.38, 5.83, 3
4/11/2025 18:15:13, 3, 1, 0, 0, 334925074, -820055052, 32, 445, 25353490, 0, 19.66, 259.07, 256.11, 0.02, 2.57, 5.83, 3
4/11/2025 18:15:14, 3, 1, 0, 0, 334925067, -820055089, 32, 421, 25515710, 0, 19.31, 259.11, 256.11, 0.02, 0.95, 5.83, 3
4/11/2025 18:15:15, 3, 1, 0, 0, 334925076, -820055106, 32, 379, 25586810, 0, 19.17, 258.73, 256.42, 0.01, 0.55, 5.83, 3
4/11/2025 18:15:16, 3, 1, 0, 0, 334925078, -820055127, 32, 325, 25626704, 0, 18.99, 258.54, 252.40, 0.03, -3.87, 10.29, 3
4/11/2025 18:15:17, 3, 1, 0, 0, 334925066, -820055157, 32, 259, 25209996, 0, 18.69, 258.78, 258.90, -0.00, 6.80, 10.29, 3
4/11/2025 18:15:18, 3, 1, 0, 0, 334925058, -820055189, 32, 309, 26578706, 0, 18.38, 258.87, 261.15, -0.01, -4.64, 10.29, 3
4/11/2025 18:15:19, 3, 1, 0, 0, 334925053, -820055228, 32, 361, 26768216, 0, 18.01, 258.82, 262.40, -0.02, -5.29, 10.29, 3
4/11/2025 18:15:20, 3, 1, 0, 0, 334925060, -820055258, 32, 380, 27057152, 0, 17.75, 258.40, 264.08, -0.03, -6.49, 10.29, 3
4/11/2025 18:15:21, 3, 1, 0, 0, 334925068, -820055289, 32, 354, 27661252, 0, 17.49, 257.92, 259.40, -0.01, -17.22, 10.29, 3
4/11/2025 18:15:22, 3, 1, 0, 0, 334925066, -820055327, 32, 360, 26772036, 0, 17.14, 257.75, 258.21, -0.00, -9.51, 10.29, 3
4/11/2025 18:15:23, 3, 1, 0, 0, 334925061, -820055369, 32, 403, 26147912, 0, 16.75, 257.65, 258.15, -0.00, -3.33, 10.29, 3
4/11/2025 18:15:24, 3, 1, 0, 0, 334925055, -820055414, 32, 421, 26145794, 0, 16.33, 257.57, 258.08, -0.00, -3.37, 10.29, 3
4/11/2025 18:15:25, 3, 1, 0, 0, 334925047, -820055460, 32, 417, 26208236, 0, 15.89, 257.55, 257.77, -0.00, -4.31, 10.29, 3
4/11/2025 18:15:26, 3, 1, 0, 0, 334925048, -820055496, 32, 426, 26078812, 0, 15.57, 257.25, 262.77, -0.03, 1.98, 5.17, 3
4/11/2025 18:15:27, 3, 1, 0, 0, 334925047, -820055533, 32, 409, 26219674, 0, 15.23, 257.00, 257.52, -0.00, -4.68, 5.17, 3
4/11/2025 18:15:28, 3, 1, 0, 0, 334925041, -820055569, 31, 415, 25267952, 0, 14.89, 256.96, 255.96, 0.01, 3.28, 5.17, 3
4/11/2025 18:15:29, 3, 1, 0, 0, 334925028, -820055614, 31, 447, 25255772, 0, 14.45, 257.15, 255.27, 0.01, 2.71, 5.17, 3
4/11/2025 18:15:30, 3, 1, 0, 0, 334925018, -820055653, 31, 449, 25171860, 0, 14.07, 257.26, 254.89, 0.01, 3.18, 5.17, 3
4/11/2025 18:15:31, 3, 1, 0, 0, 334925012, -820055693, 31, 451, 25203606, 0, 13.70, 257.19, 254.89, 0.01, 2.86, 5.17, 3
4/11/2025 18:15:32, 3, 1, 0, 0, 334925003, -820055735, 31, 460, 25155426, 0, 13.30, 257.24, 254.77, 0.01, 3.21, 5.17, 3
4/11/2025 18:15:33, 3, 1, 0, 0, 334924992, -820055783, 31, 473, 25181528, 0, 12.83, 257.33, 254.77, 0.01, 2.95, 5.17, 3
4/11/2025 18:15:34, 3, 1, 0, 0, 334924984, -820055827, 31, 460, 25238838, 0, 12.42, 257.32, 254.71, 0.01, 2.32, 5.17, 3
4/11/2025 18:15:35, 3, 1, 0, 0, 334924970, -820055881, 31, 485, 25269334, 0, 11.89, 257.52, 254.64, 0.02, 1.95, 5.17, 3
4/11/2025 18:15:36, 3, 1, 0, 0, 334924958, -820055931, 31, 475, 25220036, 0, 11.41, 257.68, 252.92, 0.03, 0.72, 7.15, 3
4/11/2025 18:15:37, 3, 1, 0, 0, 334924947, -820055981, 31, 480, 25313244, 0, 10.93, 257.78, 257.79, -0.00, 4.66, 7.15, 3
4/11/2025 18:15:38, 3, 1, 0, 0, 334924936, -820056033, 31, 448, 25823268, 0, 10.44, 257.88, 259.54, -0.01, 1.31, 7.15, 3
4/11/2025 18:15:39, 3, 1, 0, 0, 334924928, -820056084, 31, 447, 26068816, 0, 9.95, 257.81, 260.85, -0.02, 0.17, 7.15, 3
4/11/2025 18:15:40, 3, 1, 0, 0, 334924926, -820056131, 31, 442, 26215764, 0, 9.52, 257.39, 262.67, -0.03, 0.51, 7.15, 3
4/11/2025 18:15:41, 3, 1, 0, 0, 334924918, -820056183, 31, 449, 26663758, 0, 9.03, 257.27, 259.10, -0.01, -7.53, 7.15, 3
4/11/2025 18:15:42, 3, 1, 0, 0, 334924918, -820056226, 31, 397, 26516064, 0, 8.65, 256.69, 260.42, -0.02, -4.74, 7.15, 3
4/11/2025 18:15:43, 3, 1, 0, 0, 334924915, -820056267, 31, 350, 26651980, 0, 8.27, 256.30, 259.23, -0.02, -7.29, 7.15, 3
4/11/2025 18:15:44, 3, 1, 0, 0, 334924914, -820056300, 31, 254, 26912774, 0, 7.97, 255.86, 261.48, -0.03, -7.65, 7.15, 3
4/11/2025 18:15:45, 3, 1, 0, 0, 334924913, -820056328, 31, 238, 26894356, 0, 7.71, 255.47, 256.79, -0.01, -12.15, 7.15, 3
4/11/2025 18:15:46, 3, 1, 0, 0, 334924910, -820056351, 31, 190, 26299376, 0, 7.50, 255.31, 259.05, -0.02, -3.94, 3.95, 3
4/11/2025 18:15:47, 3, 1, 0, 0, 334924905, -820056379, 31, 268, 25812922, 0, 7.23, 255.21, 256.93, -0.01, -1.20, 3.95, 3
4/11/2025 18:15:48, 3, 1, 0, 0, 334924898, -820056409, 31, 287, 25338794, 0, 6.94, 255.25, 256.55, -0.01, 3.17, 3.95, 3
4/11/2025 18:15:49, 3, 1, 0, 0, 334924887, -820056443, 31, 339, 25062446, 0, 6.61, 255.58, 256.49, -0.01, 5.87, 3.95, 3
4/11/2025 18:15:50, 3, 1, 0, 0, 334924876, -820056482, 31, 370, 25107718, 0, 6.23, 255.84, 256.18, -0.00, 5.10, 3.95, 3
4/11/2025 18:15:51, 3, 1, 0, 0, 334924861, -820056524, 30, 408, 25231538, 0, 5.81, 256.49, 255.18, 0.01, 2.86, 3.95, 3
4/11/2025 18:15:52, 3, 1, 0, 0, 334924850, -820056563, 31, 416, 25089298, 0, 5.43, 256.86, 254.18, 0.01, 3.29, 3.95, 3
4/11/2025 18:15:53, 3, 1, 0, 0, 334924837, -820056605, 31, 408, 25014050, 0, 5.02, 257.45, 254.18, 0.02, 4.04, 3.95, 3
4/11/2025 18:15:54, 3, 1, 0, 0, 334924822, -820056653, 31, 450, 24984912, 0, 4.55, 258.29, 254.24, 0.02, 4.39, 3.95, 3
4/11/2025 18:15:55, 3, 1, 0, 0, 334924807, -820056703, 31, 462, 25106510, 0, 4.06, 259.26, 257.30, 0.01, 6.24, 3.95, 3
4/11/2025 18:15:56, 3, 1, 0, 0, 334924790, -820056752, 30, 439, 25201432, 0, 3.58, 260.88, 254.20, 0.04, 2.18, 6.93, 3
4/11/2025 18:15:57, 3, 1, 0, 0, 334924774, -820056802, 31, 470, 25306394, 0, 3.09, 262.77, 261.07, 0.01, 8.01, 6.93, 3
4/11/2025 18:15:58, 3, 1, 0, 0, 334924765, -820056841, 31, 356, 25700104, 0, 2.72, 263.91, 262.88, 0.01, 5.88, 6.93, 3
4/11/2025 18:15:59, 3, 1, 0, 0, 334924756, -820056887, 31, 432, 26280538, 0, 2.29, 265.26, 262.88, 0.01, 0.08, 6.93, 3
4/11/2025 18:16:0, 3, 1, 0, 0, 334924750, -820056937, 31, 445, 26417284, 0, 1.82, 266.15, 262.82, 0.02, -1.35, 6.93, 3
4/11/2025 18:16:1, 3, 1, 0, 0, 334924740, -820056987, 31, 443, 26140066, 0, 14.63, 29.42, 258.86, 0.73, -2.54, 9.89, 4
4/11/2025 18:16:1, 3, 1, 0, 0, 334924740, -820056987, 31, 443, 26140066, 0, 14.63, 29.42, 25.92, 0.02, -235.48, 9.89, 4
4/11/2025 18:16:9, 3, 1, 0, 0, 334924739, -820057054, 31, 116, 2747664, 0, 14.96, 31.47, 39.80, -0.05, 12.32, 9.89, 4
4/11/2025 18:16:10, 3, 1, 0, 0, 334924761, -820057034, 31, 355, 4412061, 0, 14.65, 31.36, 359.88, 0.17, 315.76, 45.06, 4
4/11/2025 18:16:10, 3, 1, 0, 0, 334924761, -820057034, 31, 355, 4412061, 0, 14.65, 31.36, 28.13, 0.02, -15.99, 45.06, 4
4/11/2025 18:16:14, 3, 1, 0, 0, 334924781, -820056894, 31, 478, 7766610, 0, 13.82, 27.24, 39.00, -0.07, -38.66, 45.06, 4
4/11/2025 18:16:15, 3, 1, 0, 0, 334924776, -820056841, 31, 543, 8253709, 0, 13.66, 25.29, 30.69, -0.03, -51.85, 45.06, 4
4/11/2025 18:16:16, 3, 1, 0, 0, 334924775, -820056787, 31, 532, 7775643, 0, 13.46, 23.35, 25.69, -0.01, -52.06, 45.06, 4
4/11/2025 18:16:17, 3, 1, 0, 0, 334924785, -820056729, 31, 637, 6794761, 0, 13.15, 21.39, 26.75, -0.03, -41.19, 45.06, 4
4/11/2025 18:16:18, 3, 1, 0, 0, 334924802, -820056672, 31, 652, 6935525, 0, 12.79, 19.49, 23.13, -0.02, -46.23, 45.06, 4
4/11/2025 18:16:19, 3, 1, 0, 0, 334924822, -820056615, 31, 653, 6458176, 0, 12.41, 17.53, 22.57, -0.03, -42.02, 45.06, 4
4/11/2025 18:16:20, 3, 1, 0, 0, 334924844, -820056559, 31, 649, 6354082, 0, 12.03, 15.52, 19.25, -0.02, -44.29, 45.06, 4
4/11/2025 18:16:21, 3, 1, 0, 0, 334924866, -820056501, 31, 621, 6082481, 0, 11.66, 13.29, 18.07, -0.03, -42.76, 45.06, 4
4/11/2025 18:16:22, 3, 1, 0, 0, 334924896, -820056450, 31, 621, 5875614, 0, 11.23, 11.34, 56.76, -0.25, -2.00, 3.05, 4
4/11/2025 18:16:22, 3, 1, 0, 0, 334924896, -820056450, 31, 621, 5875614, 0, 11.23, 11.34, 14.82, -0.02, -43.93, 3.05, 4
4/11/2025 18:16:27, 3, 1, 0, 0, 334925029, -820056282, 31, 374, 2520673, 0, 9.55, 3.90, 9.39, -0.03, -15.82, 3.05, 4
4/11/2025 18:16:28, 3, 1, 0, 0, 334925064, -820056266, 31, 472, 1862683, 0, 9.16, 3.14, 5.45, -0.01, -13.18, 3.05, 4
4/11/2025 18:16:29, 3, 1, 0, 0, 334925107, -820056258, 31, 523, 761871, 0, 8.68, 2.82, 8.20, -0.03, 0.58, 3.05, 4
4/11/2025 18:16:30, 3, 1, 0, 0, 334925154, -820056251, 31, 545, 1127524, 0, 8.15, 2.54, 4.70, -0.01, -6.58, 3.05, 4
4/11/2025 18:16:31, 3, 1, 0, 0, 334925202, -820056246, 32, 516, 633242, 0, 7.61, 2.37, 6.82, -0.02, 0.49, 3.05, 4
4/11/2025 18:16:32, 3, 1, 0, 0, 334925250, -820056239, 32, 551, 1100204, 0, 7.08, 2.03, 4.95, -0.02, -6.05, 3.05, 4
4/11/2025 18:16:33, 3, 1, 0, 0, 334925296, -820056228, 32, 550, 925723, 0, 6.56, 1.30, 17.49, -0.09, 8.23, -7.55, 4
4/11/2025 18:16:34, 3, 1, 0, 0, 334925343, -820056218, 32, 570, 846592, 0, 6.04, 0.53, 4.67, -0.02, -3.79, -7.55, 4
4/11/2025 18:16:36, 3, 1, 0, 0, 334925418, -820056208, 32, 431, 35632388, 0, 5.21, 359.59, 0.24, -0.00, -356.09, -7.55, 4
4/11/2025 18:16:37, 3, 1, 0, 0, 334925460, -820056214, 32, 522, 35160548, 0, 4.74, 0.22, 1.42, -0.01, -350.18, -7.55, 4
4/11/2025 18:16:38, 3, 1, 0, 0, 334925512, -820056224, 32, 550, 35577580, 0, 4.16, 1.53, 3.92, -0.01, -351.85, -7.55, 4
4/11/2025 18:16:39, 3, 1, 0, 0, 334925585, -820056248, 32, 583, 35473196, 0, 3.36, 5.70, 6.67, -0.01, -348.06, -7.55, 4
4/11/2025 18:16:40, 3, 1, 0, 0, 334925637, -820056251, 32, 594, 16204, 0, 2.79, 7.44, 9.05, -0.01, 8.89, -7.55, 4
4/11/2025 18:16:41, 3, 1, 0, 0, 334925705, -820056265, 32, 593, 125432, 0, 2.07, 13.72, 11.36, 0.01, 10.11, -7.55, 4
4/11/2025 18:16:42, 3, 1, 0, 0, 334925770, -820056274, 32, 589, 246072, 0, 1.41, 24.02, 13.55, 0.06, 11.09, -7.55, 4
4/11/2025 18:16:43, 3, 1, 0, 0, 334925828, -820056280, 32, 510, 267233, 0, 14.62, 28.08, 16.32, 0.07, 13.65, 0.05, 5
4/11/2025 18:16:44, 3, 1, 0, 0, 334925885, -820056267, 32, 326, 1759660, 0, 14.01, 28.86, 27.70, 0.01, 10.10, 0.05, 5
4/11/2025 18:16:45, 3, 1, 0, 0, 334925930, -820056237, 32, 445, 3109724, 0, 13.44, 28.85, 33.82, -0.03, 2.73, 0.05, 5
4/11/2025 18:16:46, 3, 1, 0, 0, 334925978, -820056198, 32, 512, 3691671, 0, 12.79, 28.59, 31.01, -0.01, -5.91, 0.05, 5
4/11/2025 18:16:47, 3, 1, 0, 0, 334926029, -820056160, 32, 557, 3092203, 0, 12.13, 28.41, 33.20, -0.03, 2.28, 0.05, 5
4/11/2025 18:16:48, 3, 1, 0, 0, 334926076, -820056123, 32, 521, 3557761, 0, 11.50, 28.14, 30.70, -0.01, -4.88, 0.05, 5
4/11/2025 18:16:49, 3, 1, 0, 0, 334926127, -820056092, 32, 561, 2954589, 0, 10.87, 28.22, 32.64, -0.02, 3.09, 0.05, 5
4/11/2025 18:16:50, 3, 1, 0, 0, 334926174, -820056055, 32, 544, 3361226, 0, 10.25, 27.91, 30.57, -0.01, -3.04, 0.05, 5
4/11/2025 18:16:51, 3, 1, 0, 0, 334926226, -820056023, 32, 586, 2654037, 0, 9.60, 27.96, 32.01, -0.02, 5.47, 0.05, 5
4/11/2025 18:16:52, 3, 1, 0, 0, 334926275, -820055992, 32, 555, 3067477, 0, 8.98, 27.97, 30.14, -0.01, -0.54, 0.05, 5
4/11/2025 18:16:53, 3, 1, 0, 0, 334926326, -820055961, 32, 601, 2777259, 0, 8.34, 28.05, 31.57, -0.02, 3.80, 0.05, 5
4/11/2025 18:16:54, 3, 1, 0, 0, 334926379, -820055929, 32, 617, 2839634, 0, 7.68, 28.17, 30.96, -0.02, 2.56, 2.48, 5
4/11/2025 18:16:55, 3, 1, 0, 0, 334926432, -820055897, 32, 611, 2908369, 0, 7.02, 28.30, 32.77, -0.02, 3.69, 2.48, 5
4/11/2025 18:16:56, 3, 1, 0, 0, 334926481, -820055862, 32, 581, 3490657, 0, 6.39, 28.06, 30.21, -0.01, -4.70, 2.48, 5
4/11/2025 18:16:57, 3, 1, 0, 0, 334926530, -820055829, 32, 603, 2810318, 0, 5.77, 27.92, 31.21, -0.02, 3.10, 2.48, 5
4/11/2025 18:16:58, 3, 1, 0, 0, 334926581, -820055796, 32, 604, 2980431, 0, 5.12, 27.86, 32.39, -0.03, 2.59, 2.48, 5
4/11/2025 18:16:59, 3, 1, 0, 0, 334926624, -820055764, 32, 569, 3340981, 0, 4.56, 27.37, 29.89, -0.01, -3.52, 2.48, 5
4/11/2025 18:17:0, 3, 1, 0, 0, 334926673, -820055731, 32, 597, 2913448, 0, 3.93, 27.07, 30.58, -0.02, 1.45, 2.48, 5
4/11/2025 18:17:1, 3, 1, 0, 0, 334926722, -820055698, 32, 600, 3004351, 0, 3.31, 26.64, 31.58, -0.03, 1.54, 2.48, 5
4/11/2025 18:17:2, 3, 1, 0, 0, 334926764, -820055666, 32, 575, 3460318, 0, 2.76, 25.48, 28.39, -0.02, -6.21, 2.48, 5
4/11/2025 18:17:3, 3, 1, 0, 0, 334926813, -820055636, 32, 583, 2675380, 0, 2.15, 25.03, 29.83, -0.03, 3.08, 2.48, 5
4/11/2025 18:17:4, 3, 1, 0, 0, 334926861, -820055605, 32, 575, 3171368, 0, 1.54, 23.75, 26.41, -0.01, -5.30, 2.84, 5
4/11/2025 18:17:5, 3, 1, 0, 0, 334926908, -820055580, 32, 543, 2441295, 0, 19.58, 44.25, 33.03, 0.06, 8.61, -2.46, 6
4/11/2025 18:17:6, 3, 1, 0, 0, 334926945, -820055557, 32, 390, 2808160, 0, 19.14, 44.65, 41.53, 0.02, 13.44, -2.46, 6
4/11/2025 18:17:7, 3, 1, 0, 0, 334926972, -820055533, 32, 343, 3709366, 0, 18.77, 44.81, 48.09, -0.02, 11.00, -2.46, 6
4/11/2025 18:17:8, 3, 1, 0, 0, 334927006, -820055497, 32, 543, 4213783, 0, 18.26, 44.91, 49.71, -0.03, 7.58, -2.46, 6
4/11/2025 18:17:9, 3, 1, 0, 0, 334927043, -820055453, 32, 565, 4554888, 0, 17.68, 44.91, 46.65, -0.01, 1.10, -2.46, 6
4/11/2025 18:17:10, 3, 1, 0, 0, 334927083, -820055411, 32, 581, 4130288, 0, 17.09, 45.04, 46.96, -0.01, 5.66, -2.46, 6
4/11/2025 18:17:11, 3, 1, 0, 0, 334927125, -820055370, 32, 591, 4029841, 0, 16.50, 45.25, 47.96, -0.02, 7.67, -2.46, 6
4/11/2025 18:17:12, 3, 1, 0, 0, 334927168, -820055330, 32, 597, 4033267, 0, 15.90, 45.54, 49.09, -0.02, 8.76, -2.46, 6
4/11/2025 18:17:13, 3, 1, 0, 0, 334927210, -820055286, 32, 621, 4293331, 0, 15.28, 45.71, 50.09, -0.02, 7.16, -2.46, 6
4/11/2025 18:17:14, 3, 1, 0, 0, 334927251, -820055239, 32, 609, 4513024, 0, 14.65, 45.80, 47.28, -0.01, 2.15, -2.46, 6
4/11/2025 18:17:15, 3, 1, 0, 0, 334927289, -820055198, 32, 593, 3968679, 0, 14.08, 45.96, 40.53, 0.03, 0.84, 4.85, 6
4/11/2025 18:17:16, 3, 1, 0, 0, 334927331, -820055157, 32, 601, 4101915, 0, 13.48, 46.26, 46.53, -0.00, 5.51, 4.85, 6
4/11/2025 18:17:17, 3, 1, 0, 0, 334927368, -820055114, 32, 574, 4760660, 0, 12.91, 46.35, 48.53, -0.01, 0.92, 4.85, 6
4/11/2025 18:17:18, 3, 1, 0, 0, 334927404, -820055065, 32, 612, 4963319, 0, 12.30, 46.24, 49.78, -0.02, 0.14, 4.85, 6
4/11/2025 18:17:19, 3, 1, 0, 0, 334927439, -820055014, 32, 609, 5060011, 0, 11.69, 46.02, 51.15, -0.03, 0.55, 4.85, 6
4/11/2025 18:17:20, 3, 1, 0, 0, 334927473, -820054963, 32, 622, 5311455, 0, 11.09, 45.73, 47.46, -0.01, -5.65, 4.85, 6
4/11/2025 18:17:21, 3, 1, 0, 0, 334927506, -820054918, 32, 586, 4826169, 0, 10.53, 45.57, 47.84, -0.01, -0.42, 4.85, 6
4/11/2025 18:17:22, 3, 1, 0, 0, 334927541, -820054872, 32, 629, 4902768, 0, 9.96, 45.45, 48.15, -0.02, -0.88, 4.85, 6
4/11/2025 18:17:23, 3, 1, 0, 0, 334927576, -820054823, 32, 636, 4980802, 0, 9.36, 45.20, 49.09, -0.02, -0.72, 4.85, 6
4/11/2025 18:17:24, 3, 1, 0, 0, 334927611, -820054773, 32, 642, 5173420, 0, 8.76, 44.87, 47.84, -0.02, -3.89, 4.85, 6
4/11/2025 18:17:25, 3, 1, 0, 0, 334927646, -820054724, 32, 631, 5018039, 0, 8.16, 44.53, 49.32, -0.03, -0.86, 4.49, 6
4/11/2025 18:17:26, 3, 1, 0, 0, 334927681, -820054675, 32, 631, 5041354, 0, 7.56, 44.15, 46.57, -0.01, -3.84, 4.49, 6
4/11/2025 18:17:27, 3, 1, 0, 0, 334927715, -820054628, 32, 608, 4782534, 0, 6.99, 43.74, 47.51, -0.02, -0.31, 4.49, 6
4/11/2025 18:17:28, 3, 1, 0, 0, 334927754, -820054575, 32, 638, 4787723, 0, 6.34, 43.24, 46.26, -0.02, -1.62, 4.49, 6
4/11/2025 18:17:29, 3, 1, 0, 0, 334927793, -820054525, 32, 621, 4689589, 0, 5.70, 42.83, 47.01, -0.02, 0.12, 4.49, 6
4/11/2025 18:17:30, 3, 1, 0, 0, 334927835, -820054475, 32, 653, 4565521, 0, 5.05, 42.58, 44.89, -0.01, -0.77, 4.49, 6
4/11/2025 18:17:31, 3, 1, 0, 0, 334927874, -820054424, 32, 629, 4543433, 0, 4.41, 41.87, 45.70, -0.02, 0.26, 4.49, 6
4/11/2025 18:17:32, 3, 1, 0, 0, 334927915, -820054373, 32, 651, 4475348, 0, 3.75, 41.13, 44.14, -0.02, -0.62, 4.49, 6
4/11/2025 18:17:33, 3, 1, 0, 0, 334927957, -820054323, 32, 655, 4579136, 0, 3.09, 40.35, 44.39, -0.02, -1.40, 4.49, 6
4/11/2025 18:17:34, 3, 1, 0, 0, 334927995, -820054277, 32, 632, 4497271, 0, 2.50, 39.17, 42.57, -0.02, -2.40, 4.49, 6
4/11/2025 18:17:35, 3, 1, 0, 0, 334928033, -820054232, 32, 620, 4381452, 0, 1.91, 37.47, 43.90, -0.04, 0.09, 3.35, 6
4/11/2025 18:17:36, 3, 1, 0, 0, 334928071, -820054186, 32, 633, 4438808, 0, 18.43, 173.32, 38.75, 0.75, -5.64, 3.44, 7
4/11/2025 18:17:36, 3, 1, 0, 0, 334928071, -820054186, 32, 633, 4438808, 0, 18.43, 173.32, 169.94, 0.02, 125.55, 3.44, 7
4/11/2025 18:17:45, 3, 1, 0, 0, 334928160, -820053999, 32, 252, 14997578, 0, 19.30, 178.79, 180.50, -0.01, 30.53, 3.44, 7
4/11/2025 18:17:46, 3, 1, 0, 0, 334928130, -820053989, 32, 397, 16976158, 0, 18.97, 179.05, 182.63, -0.02, 12.87, 3.44, 7
4/11/2025 18:17:47, 3, 1, 0, 0, 334928092, -820053980, 32, 464, 17194946, 0, 18.54, 179.28, 182.25, -0.02, 10.30, 3.44, 7
4/11/2025 18:17:48, 3, 1, 0, 0, 334928050, -820053972, 32, 485, 17272086, 0, 18.07, 179.50, 154.20, 0.14, -18.52, 30.11, 7
4/11/2025 18:17:49, 3, 1, 0, 0, 334928015, -820053964, 32, 373, 16924886, 0, 17.69, 179.73, 175.95, 0.02, 6.70, 30.11, 7
4/11/2025 18:17:51, 3, 1, 0, 0, 334927966, -820053966, 32, 319, 19684374, 0, 17.14, 179.66, 183.39, -0.02, -13.46, 30.11, 7
4/11/2025 18:17:52, 3, 1, 0, 0, 334927933, -820053977, 32, 412, 19905684, 0, 16.77, 179.30, 180.64, -0.01, -18.42, 30.11, 7
4/11/2025 18:17:53, 3, 1, 0, 0, 334927894, -820053994, 32, 489, 20288694, 0, 16.34, 178.73, 178.33, 0.00, -24.56, 30.11, 7
4/11/2025 18:17:54, 3, 1, 0, 0, 334927851, -820054010, 32, 510, 19856424, 0, 15.87, 178.16, 176.08, 0.01, -22.49, 30.11, 7
4/11/2025 18:17:55, 3, 1, 0, 0, 334927806, -820054025, 32, 520, 19772232, 0, 15.37, 177.58, 174.33, 0.02, -23.40, 30.11, 7
4/11/2025 18:17:56, 3, 1, 0, 0, 334927760, -820054037, 32, 515, 19489634, 0, 14.87, 177.07, 172.83, 0.02, -22.07, 30.11, 7
4/11/2025 18:17:57, 3, 1, 0, 0, 334927720, -820054049, 32, 436, 19689576, 0, 14.43, 176.54, 175.64, 0.00, -21.26, 30.11, 7
4/11/2025 18:17:58, 3, 1, 0, 0, 334927679, -820054061, 32, 485, 19599208, 0, 13.98, 175.97, 174.45, 0.01, -21.54, 30.11, 7
4/11/2025 18:17:59, 3, 1, 0, 0, 334927637, -820054074, 32, 492, 19709710, 0, 13.53, 175.32, 190.92, -0.09, -6.17, 12.14, 7
4/11/2025 18:18:0, 3, 1, 0, 0, 334927599, -820054082, 32, 385, 19549926, 0, 13.11, 174.85, 178.86, -0.02, -16.64, 12.14, 7
4/11/2025 18:18:1, 3, 1, 0, 0, 334927562, -820054083, 32, 423, 17810598, 0, 12.70, 174.64, 172.80, 0.01, -5.31, 12.14, 7
4/11/2025 18:18:2, 3, 1, 0, 0, 334927519, -820054079, 32, 496, 17328232, 0, 12.22, 174.60, 171.36, 0.02, -1.92, 12.14, 7
4/11/2025 18:18:3, 3, 1, 0, 0, 334927473, -820054068, 32, 514, 17326520, 0, 11.70, 174.86, 169.55, 0.03, -3.72, 12.14, 7
4/11/2025 18:18:4, 3, 1, 0, 0, 334927432, -820054056, 32, 428, 16797114, 0, 11.24, 175.22, 173.74, 0.01, 5.77, 12.14, 7
4/11/2025 18:18:5, 3, 1, 0, 0, 334927389, -820054049, 32, 485, 17722214, 0, 10.76, 175.35, 173.80, 0.01, -3.42, 12.14, 7
4/11/2025 18:18:6, 3, 1, 0, 0, 334927344, -820054044, 32, 499, 17743714, 0, 10.25, 175.38, 172.67, 0.02, -4.76, 12.14, 7
4/11/2025 18:18:7, 3, 1, 0, 0, 334927300, -820054042, 32, 488, 17511644, 0, 9.77, 175.26, 171.11, 0.02, -4.00, 12.14, 7
4/11/2025 18:18:8, 3, 1, 0, 0, 334927258, -820054036, 32, 447, 16985860, 0, 9.30, 175.36, 173.99, 0.01, 4.13, 12.14, 7
4/11/2025 18:18:9, 3, 1, 0, 0, 334927214, -820054030, 32, 487, 17876494, 0, 8.80, 175.47, 177.09, -0.01, -1.68, 8.54, 7
4/11/2025 18:18:10, 3, 1, 0, 0, 334927168, -820054026, 32, 511, 17511434, 0, 8.29, 175.44, 176.34, -0.00, 1.22, 8.54, 7
4/11/2025 18:18:11, 3, 1, 0, 0, 334927120, -820054021, 32, 526, 17771464, 0, 7.75, 175.47, 174.96, 0.00, -2.75, 8.54, 7
4/11/2025 18:18:12, 3, 1, 0, 0, 334927069, -820054020, 32, 537, 17674954, 0, 7.19, 175.19, 174.09, 0.01, -2.66, 8.54, 7
4/11/2025 18:18:13, 3, 1, 0, 0, 334927010, -820054009, 32, 551, 17364448, 0, 6.53, 175.60, 172.96, 0.01, -0.68, 8.54, 7
4/11/2025 18:18:14, 3, 1, 0, 0, 334926952, -820053997, 32, 545, 17205234, 0, 5.87, 176.20, 171.46, 0.03, -0.59, 8.54, 7
4/11/2025 18:18:15, 3, 1, 0, 0, 334926894, -820053984, 32, 489, 16720106, 0, 5.22, 177.05, 174.84, 0.01, 7.64, 8.54, 7
4/11/2025 18:18:16, 3, 1, 0, 0, 334926836, -820053978, 32, 487, 17352340, 0, 4.58, 177.33, 174.09, 0.02, 0.56, 8.54, 7
4/11/2025 18:18:17, 3, 1, 0, 0, 334926775, -820053973, 32, 520, 17246976, 0, 3.90, 177.54, 172.46, 0.03, -0.01, 8.54, 7
4/11/2025 18:18:18, 3, 1, 0, 0, 334926718, -820053968, 32, 466, 16915476, 0, 3.26, 177.88, 175.84, 0.01, 6.68, 8.54, 7
4/11/2025 18:18:19, 3, 1, 0, 0, 334926654, -820053974, 32, 481, 16936018, 0, 2.55, 176.04, 173.44, 0.01, 4.08, 9.31, 7
4/11/2025 18:18:20, 3, 1, 0, 0, 334926590, -820053981, 32, 513, 17235590, 0, 1.85, 172.51, 170.63, 0.01, -1.73, 9.31, 7
4/11/2025 18:18:21, 3, 1, 0, 0, 334926529, -820053984, 32, 473, 16887496, 0, 14.11, 203.97, 165.39, 0.21, -3.49, 10.49, 8
4/11/2025 18:18:21, 3, 1, 0, 0, 334926529, -820053984, 32, 473, 16887496, 0, 14.11, 203.97, 200.45, 0.02, 31.58, 10.49, 8
4/11/2025 18:18:25, 3, 1, 0, 0, 334926409, -820053983, 32, 81, 15271302, 0, 12.90, 206.42, 210.01, -0.02, 57.30, 10.49, 8
4/11/2025 18:18:26, 3, 1, 0, 0, 334926381, -820053998, 32, 282, 20669806, 0, 12.56, 206.48, 211.51, -0.03, 4.82, 10.49, 8
4/11/2025 18:18:27, 3, 1, 0, 0, 334926345, -820054022, 32, 381, 21148440, 0, 12.11, 206.39, 207.20, -0.00, -4.28, 10.49, 8
4/11/2025 18:18:28, 3, 1, 0, 0, 334926304, -820054046, 32, 419, 20355554, 0, 11.60, 206.40, 204.95, 0.01, 1.40, 10.49, 8
4/11/2025 18:18:29, 3, 1, 0, 0, 334926260, -820054071, 32, 456, 20512766, 0, 11.06, 206.45, 202.39, 0.02, -2.74, 10.49, 8
4/11/2025 18:18:30, 3, 1, 0, 0, 334926215, -820054097, 32, 475, 20424144, 0, 10.50, 206.49, 204.45, 0.01, 0.21, 10.49, 8
4/11/2025 18:18:31, 3, 1, 0, 0, 334926173, -820054121, 32, 430, 20510432, 0, 9.98, 206.54, 193.20, 0.07, -11.91, 20.43, 8
4/11/2025 18:18:32, 3, 1, 0, 0, 334926130, -820054144, 32, 462, 20359296, 0, 9.46, 206.68, 203.26, 0.02, -0.33, 20.43, 8
4/11/2025 18:18:33, 3, 1, 0, 0, 334926100, -820054159, 32, 220, 19951486, 0, 9.10, 206.84, 209.64, -0.02, 10.12, 20.43, 8
4/11/2025 18:18:34, 3, 1, 0, 0, 334926072, -820054184, 32, 367, 22362618, 0, 8.72, 206.41, 209.20, -0.02, -14.43, 20.43, 8
4/11/2025 18:18:35, 3, 1, 0, 0, 334926040, -820054216, 32, 424, 22379016, 0, 8.27, 205.66, 207.01, -0.01, -16.78, 20.43, 8
4/11/2025 18:18:36, 3, 1, 0, 0, 334926007, -820054248, 32, 422, 21965620, 0, 7.81, 204.87, 204.95, -0.00, -14.71, 20.43, 8
4/11/2025 18:18:37, 3, 1, 0, 0, 334925971, -820054278, 32, 431, 21613216, 0, 7.33, 204.21, 202.82, 0.01, -13.31, 20.43, 8
4/11/2025 18:18:38, 3, 1, 0, 0, 334925936, -820054308, 32, 428, 21514744, 0, 6.86, 203.42, 200.01, 0.02, -15.14, 20.43, 8
4/11/2025 18:18:39, 3, 1, 0, 0, 334925900, -820054335, 32, 430, 21265872, 0, 6.39, 202.79, 196.95, 0.03, -15.71, 20.43, 8
4/11/2025 18:18:40, 3, 1, 0, 0, 334925863, -820054360, 32, 441, 20979286, 0, 5.93, 202.26, 201.70, 0.00, -8.09, 20.43, 8
4/11/2025 18:18:41, 3, 1, 0, 0, 334925831, -820054380, 32, 321, 20743966, 0, 5.53, 201.88, 211.77, -0.05, 4.33, 10.36, 8
4/11/2025 18:18:42, 3, 1, 0, 0, 334925799, -820054405, 32, 429, 21706706, 0, 5.11, 200.95, 202.39, -0.01, -14.67, 10.36, 8
4/11/2025 18:18:43, 3, 1, 0, 0, 334925770, -820054425, 32, 330, 20728460, 0, 4.74, 200.26, 198.08, 0.01, -9.20, 10.36, 8
4/11/2025 18:18:44, 3, 1, 0, 0, 334925734, -820054442, 32, 439, 19982106, 0, 4.31, 200.13, 195.02, 0.03, -4.80, 10.36, 8
4/11/2025 18:18:45, 3, 1, 0, 0, 334925692, -820054459, 32, 462, 19890584, 0, 3.82, 200.32, 199.02, 0.01, 0.11, 10.36, 8
4/11/2025 18:18:46, 3, 1, 0, 0, 334925658, -820054472, 32, 346, 19911590, 0, 3.42, 200.63, 198.39, 0.01, -0.72, 10.36, 8
4/11/2025 18:18:47, 3, 1, 0, 0, 334925620, -820054489, 32, 447, 20316082, 0, 2.97, 200.65, 196.46, 0.02, -6.70, 10.36, 8
4/11/2025 18:18:48, 3, 1, 0, 0, 334925580, -820054507, 32, 459, 20204406, 0, 2.50, 200.67, 198.83, 0.01, -3.21, 10.36, 8
4/11/2025 18:18:49, 3, 1, 0, 0, 334925543, -820054521, 32, 388, 19958218, 0, 2.07, 201.33, 197.21, 0.02, -2.38, 10.36, 8
4/11/2025 18:18:50, 3, 1, 0, 0, 334925506, -820054536, 32, 432, 20026908, 0, 1.63, 202.03, 198.96, 0.02, -1.31, 10.36, 8
4/11/2025 18:18:51, 3, 1, 0, 0, 334925473, -820054550, 32, 367, 20019608, 0, 12.93, 114.49, 200.56, -0.48, 0.36, 6.50, 9
4/11/2025 18:18:51, 3, 1, 0, 0, 334925473, -820054550, 32, 367, 20019608, 0, 12.93, 114.49, 117.93, -0.02, -82.26, 6.50, 9
4/11/2025 18:18:58, 3, 1, 0, 0, 334925353, -820054487, 32, 430, 10959058, 0, 11.89, 109.80, 109.31, 0.00, -0.28, 6.50, 9
4/11/2025 18:18:59, 3, 1, 0, 0, 334925339, -820054435, 32, 535, 10418298, 0, 11.38, 109.88, 106.25, 0.02, 2.06, 6.50, 9
4/11/2025 18:19:0, 3, 1, 0, 0, 334925329, -820054381, 32, 509, 10128034, 0, 10.87, 110.23, 107.31, 0.02, 6.03, 6.50, 9
4/11/2025 18:19:1, 3, 1, 0, 0, 334925317, -820054322, 32, 592, 10328994, 0, 10.31, 110.58, 106.06, 0.03, 2.77, 6.50, 9
4/11/2025 18:19:2, 3, 1, 0, 0, 334925306, -820054264, 32, 538, 10065316, 0, 9.77, 111.02, 117.80, -0.04, 17.15, -2.37, 9
4/11/2025 18:19:3, 3, 1, 0, 0, 334925293, -820054212, 32, 508, 10963048, 0, 9.27, 111.25, 111.43, -0.00, 1.80, -2.37, 9
4/11/2025 18:19:4, 3, 1, 0, 0, 334925283, -820054155, 32, 573, 10013440, 0, 8.73, 111.83, 109.55, 0.01, 9.42, -2.37, 9
4/11/2025 18:19:5, 3, 1, 0, 0, 334925275, -820054094, 32, 600, 10003742, 0, 8.18, 112.73, 108.49, 0.02, 8.45, -2.37, 9
4/11/2025 18:19:6, 3, 1, 0, 0, 334925268, -820054036, 32, 547, 9710906, 0, 7.65, 113.75, 111.68, 0.01, 14.57, -2.37, 9
4/11/2025 18:19:7, 3, 1, 0, 0, 334925259, -820053977, 32, 591, 10338088, 0, 7.11, 114.78, 111.62, 0.02, 8.24, -2.37, 9
4/11/2025 18:19:8, 3, 1, 0, 0, 334925248, -820053916, 32, 594, 10150814, 0, 6.55, 115.89, 111.49, 0.02, 9.98, -2.37, 9
4/11/2025 18:19:9, 3, 1, 0, 0, 334925239, -820053859, 32, 536, 9993792, 0, 6.03, 117.23, 114.87, 0.01, 14.93, -2.37, 9
4/11/2025 18:19:10, 3, 1, 0, 0, 334925226, -820053801, 32, 574, 10591546, 0, 5.49, 118.45, 114.80, 0.02, 8.89, -2.37, 9
4/11/2025 18:19:11, 3, 1, 0, 0, 334925212, -820053743, 32, 556, 10401166, 0, 4.94, 119.84, 116.18, 0.02, 12.17, -2.37, 9
4/11/2025 18:19:12, 3, 1, 0, 0, 334925198, -820053686, 32, 537, 10471488, 0, 4.41, 121.50, 117.68, 0.02, 12.96, -2.37, 9
4/11/2025 18:19:13, 3, 1, 0, 0, 334925185, -820053631, 32, 532, 10556354, 0, 3.90, 123.61, 108.96, 0.08, 3.40, 8.41, 9
4/11/2025 18:19:14, 3, 1, 0, 0, 334925172, -820053576, 32, 506, 10561254, 0, 3.40, 126.34, 120.15, 0.03, 14.54, 8.41, 9
4/11/2025 18:19:15, 3, 1, 0, 0, 334925158, -820053534, 32, 388, 11446564, 0, 2.99, 128.36, 127.65, 0.00, 13.18, 8.41, 9
4/11/2025 18:19:16, 3, 1, 0, 0, 334925134, -820053491, 32, 529, 12795446, 0, 2.51, 129.23, 128.27, 0.01, 0.32, 8.41, 9
4/11/2025 18:19:17, 3, 1, 0, 0, 334925102, -820053445, 32, 565, 13032586, 0, 1.96, 129.06, 127.40, 0.01, -2.93, 8.41, 9
4/11/2025 18:19:18, 3, 1, 0, 0, 334925071, -820053399, 32, 542, 12702010, 0, 13.97, 111.97, 120.39, -0.05, -6.63, 14.11, 10
4/11/2025 18:19:19, 3, 1, 0, 0, 334925049, -820053360, 32, 391, 12267506, 0, 13.55, 111.58, 113.57, -0.01, -9.10, 14.11, 10
4/11/2025 18:19:20, 3, 1, 0, 0, 334925031, -820053319, 32, 450, 11407232, 0, 13.12, 111.38, 109.76, 0.01, -4.31, 14.11, 10
4/11/2025 18:19:21, 3, 1, 0, 0, 334925011, -820053268, 32, 546, 11346348, 0, 12.60, 111.22, 107.64, 0.02, -5.83, 14.11, 10
4/11/2025 18:19:22, 3, 1, 0, 0, 334924989, -820053211, 32, 584, 11202762, 0, 12.02, 111.05, 105.45, 0.03, -6.58, 14.11, 10
4/11/2025 18:19:23, 3, 1, 0, 0, 334924970, -820053152, 32, 585, 10989330, 0, 11.43, 111.04, 110.07, 0.01, 0.18, 14.11, 10
4/11/2025 18:19:24, 3, 1, 0, 0, 334924950, -820053097, 32, 533, 11382008, 0, 10.87, 110.92, 109.70, 0.01, -4.12, 14.11, 10
4/11/2025 18:19:25, 3, 1, 0, 0, 334924926, -820053042, 32, 583, 11679932, 0, 10.30, 110.54, 108.01, 0.01, -8.79, 14.11, 10
4/11/2025 18:19:26, 3, 1, 0, 0, 334924903, -820052983, 32, 609, 11426760, 0, 9.70, 110.26, 106.70, 0.02, -7.57, 14.11, 10
4/11/2025 18:19:27, 3, 1, 0, 0, 334924880, -820052920, 32, 650, 11333454, 0, 9.06, 110.02, 105.64, 0.02, -7.70, 14.11, 10
4/11/2025 18:19:28, 3, 1, 0, 0, 334924859, -820052856, 32, 652, 11105298, 0, 8.43, 109.91, 114.06, -0.02, 3.00, 8.07, 10
4/11/2025 18:19:29, 3, 1, 0, 0, 334924836, -820052794, 32, 642, 11411224, 0, 7.80, 109.59, 110.68, -0.01, -3.43, 8.07, 10
4/11/2025 18:19:30, 3, 1, 0, 0, 334924815, -820052730, 32, 662, 11094602, 0, 7.16, 109.42, 109.12, 0.00, -1.83, 8.07, 10
4/11/2025 18:19:31, 3, 1, 0, 0, 334924795, -820052664, 32, 679, 10965886, 0, 6.51, 109.36, 107.12, 0.01, -2.54, 8.07, 10
4/11/2025 18:19:32, 3, 1, 0, 0, 334924775, -820052598, 32, 670, 10702084, 0, 5.86, 109.29, 105.43, 0.02, -1.59, 8.07, 10
4/11/2025 18:19:33, 3, 1, 0, 0, 334924758, -820052530, 32, 656, 10577088, 0, 5.20, 109.62, 106.93, 0.01, 1.16, 8.07, 10
4/11/2025 18:19:34, 3, 1, 0, 0, 334924739, -820052466, 32, 620, 10871828, 0, 4.57, 109.63, 105.87, 0.02, -2.85, 8.07, 10
4/11/2025 18:19:35, 3, 1, 0, 0, 334924721, -820052403, 32, 618, 10739648, 0, 3.95, 109.74, 107.87, 0.01, 0.47, 8.07, 10
4/11/2025 18:19:36, 3, 1, 0, 0, 334924701, -820052343, 32, 592, 11079292, 0, 3.35, 109.37, 107.37, 0.01, -3.42, 8.07, 10
4/11/2025 18:19:37, 3, 1, 0, 0, 334924681, -820052283, 32, 606, 10964804, 0, 2.75, 108.85, 106.81, 0.01, -2.84, 8.07, 10
4/11/2025 18:19:38, 3, 1, 0, 0, 334924662, -820052222, 32, 626, 10914470, 0, 2.15, 108.39, 106.06, 0.01, -3.09, 8.07, 10
4/11/2025 18:19:39, 3, 1, 0, 0, 334924645, -820052160, 32, 624, 10880516, 0, 1.55, 108.47, 106.72, 0.01, -2.08, 6.53, 10
4/11/2025 18:19:40, 3, 1, 0, 0, 334924628, -820052097, 32, 630, 10559734, 0, 0.81, 111.79, 111.50, 0.00, 5.90, 0.00, 0
4/11/2025 18:19:42, 3, 1, 0, 0, 334924612, -820052006, 32, 380, 9893738, 0, 12.64, 288.90, 103.91, -0.97, 4.97, 5.90, 1
4/11/2025 18:19:42, 3, 1, 0, 0, 334924612, -820052006, 32, 380, 9893738, 0, 12.64, 288.90, 287.50, 0.01, 188.56, 10.88, 1
4/11/2025 18:19:55, 3, 1, 0, 0, 334924857, -820051812, 32, 362, 29944506, 0, 13.82, 275.68, 280.75, -0.03, -18.70, 10.88, 1
4/11/2025 18:19:56, 3, 1, 0, 0, 334924872, -820051852, 32, 403, 29500876, 0, 13.44, 275.13, 277.62, -0.01, -17.38, 10.88, 1
4/11/2025 18:19:57, 3, 1, 0, 0, 334924886, -820051902, 32, 511, 28824832, 0, 12.96, 274.63, 279.81, -0.03, -8.44, 10.88, 1
4/11/2025 18:19:58, 3, 1, 0, 0, 334924900, -820051948, 32, 443, 29304298, 0, 12.53, 274.07, 276.81, -0.02, -16.23, 10.88, 1
4/11/2025 18:19:59, 3, 1, 0, 0, 334924912, -820051995, 32, 471, 28896422, 0, 12.08, 273.59, 278.62, -0.03, -10.34, 10.88, 1
4/11/2025 18:20:0, 3, 1, 0, 0, 334924927, -820052039, 32, 439, 29590152, 0, 11.67, 272.90, 275.62, -0.02, -20.28, 10.88, 1
4/11/2025 18:20:1, 3, 1, 0, 0, 334924940, -820052087, 32, 493, 28774432, 0, 11.21, 272.27, 277.00, -0.03, -10.74, 10.88, 1
4/11/2025 18:20:2, 3, 1, 0, 0, 334924954, -820052133, 32, 445, 29245376, 0, 10.78, 271.54, 274.31, -0.02, -18.14, 10.88, 1
4/11/2025 18:20:3, 3, 1, 0, 0, 334924966, -820052182, 32, 464, 28450754, 0, 10.33, 270.86, 276.12, -0.03, -8.38, 10.88, 1
4/11/2025 18:20:4, 3, 1, 0, 0, 334924979, -820052227, 32, 389, 29361296, 0, 9.91, 270.06, 272.44, -0.01, -21.18, 10.88, 1
4/11/2025 18:20:5, 3, 1, 0, 0, 334924990, -820052274, 32, 447, 28395028, 0, 9.47, 269.33, 290.70, -0.12, 6.75, -6.63, 1
4/11/2025 18:20:6, 3, 1, 0, 0, 334925001, -820052320, 32, 411, 28990646, 0, 9.05, 268.52, 272.76, -0.02, -17.15, -6.63, 1
4/11/2025 18:20:8, 3, 1, 0, 0, 334925006, -820052391, 32, 321, 26354458, 0, 8.39, 268.02, 266.57, 0.01, 3.03, -6.63, 1
4/11/2025 18:20:9, 3, 1, 0, 0, 334924998, -820052431, 32, 424, 25588124, 0, 8.02, 268.57, 265.88, 0.01, 10.00, -6.63, 1
4/11/2025 18:20:10, 3, 1, 0, 0, 334924988, -820052477, 32, 448, 25871978, 0, 7.59, 269.33, 265.82, 0.02, 7.10, -6.63, 1
4/11/2025 18:20:11, 3, 1, 0, 0, 334924976, -820052524, 32, 458, 25582036, 0, 7.15, 270.36, 265.82, 0.03, 10.00, -6.63, 1
4/11/2025 18:20:12, 3, 1, 0, 0, 334924966, -820052568, 32, 417, 25854376, 0, 6.75, 271.32, 269.95, 0.01, 11.40, -6.63, 1
4/11/2025 18:20:13, 3, 1, 0, 0, 334924958, -820052617, 32, 482, 26411874, 0, 6.29, 272.23, 270.70, 0.01, 6.58, -6.63, 1
4/11/2025 18:20:14, 3, 1, 0, 0, 334924953, -820052670, 32, 506, 26470922, 0, 5.81, 272.97, 271.63, 0.01, 6.93, -6.63, 1
4/11/2025 18:20:15, 3, 1, 0, 0, 334924950, -820052723, 32, 489, 26543292, 0, 5.32, 273.60, 273.01, 0.00, 7.58, -6.63, 1
4/11/2025 18:20:16, 3, 1, 0, 0, 334924947, -820052777, 32, 519, 26580682, 0, 4.82, 274.37, 268.98, 0.03, 3.18, -1.36, 1
4/11/2025 18:20:17, 3, 1, 0, 0, 334924944, -820052827, 32, 438, 26498826, 0, 4.36, 275.27, 274.73, 0.00, 9.74, -1.36, 1
4/11/2025 18:20:18, 3, 1, 0, 0, 334924947, -820052878, 32, 504, 27472086, 0, 3.89, 275.42, 276.61, -0.01, 1.89, -1.36, 1
4/11/2025 18:20:19, 3, 1, 0, 0, 334924953, -820052933, 32, 527, 27522256, 0, 3.37, 275.11, 277.92, -0.02, 2.70, -1.36, 1
4/11/2025 18:20:20, 3, 1, 0, 0, 334924959, -820052990, 32, 541, 27709384, 0, 2.84, 274.72, 279.30, -0.03, 2.20, -1.36, 1
4/11/2025 18:20:21, 3, 1, 0, 0, 334924966, -820053040, 32, 461, 28188282, 0, 2.37, 273.77, 275.98, -0.01, -5.90, -1.36, 1
4/11/2025 18:20:22, 3, 1, 0, 0, 334924969, -820053094, 32, 525, 27396976, 0, 1.87, 273.75, 276.73, -0.02, 2.76, -1.36, 1
4/11/2025 18:20:23, 3, 1, 0, 0, 334924974, -820053142, 32, 432, 27903184, 0, 14.24, 288.02, 274.99, 0.07, -4.04, 1.01, 2
4/11/2025 18:20:24, 3, 1, 0, 0, 334924977, -820053178, 32, 295, 27719690, 0, 13.91, 288.31, 284.61, 0.02, 7.42, 1.01, 2
4/11/2025 18:20:25, 3, 1, 0, 0, 334924983, -820053206, 32, 275, 28814252, 0, 13.65, 288.39, 292.74, -0.02, 4.60, 1.01, 2
4/11/2025 18:20:26, 3, 1, 0, 0, 334924998, -820053241, 32, 421, 29876592, 0, 13.29, 288.15, 290.43, -0.01, -8.34, 1.01, 2
4/11/2025 18:20:27, 3, 1, 0, 0, 334925015, -820053285, 32, 462, 29250166, 0, 12.84, 287.91, 291.43, -0.02, -1.07, 1.01, 2
4/11/2025 18:20:28, 3, 1, 0, 0, 334925032, -820053333, 32, 494, 29496490, 0, 12.36, 287.71, 293.43, -0.03, -1.54, 1.01, 2
4/11/2025 18:20:29, 3, 1, 0, 0, 334925054, -820053381, 32, 504, 30041136, 0, 11.86, 287.24, 289.43, -0.01, -10.98, 1.01, 2
4/11/2025 18:20:30, 3, 1, 0, 0, 334925074, -820053431, 32, 502, 29274812, 0, 11.35, 286.86, 289.80, -0.02, -2.95, 1.01, 2
4/11/2025 18:20:31, 3, 1, 0, 0, 334925092, -820053483, 32, 519, 29244274, 0, 10.83, 286.59, 290.86, -0.02, -1.58, 1.01, 2
4/11/2025 18:20:32, 3, 1, 0, 0, 334925112, -820053536, 32, 529, 29653762, 0, 10.30, 286.18, 288.55, -0.01, -7.99, 1.01, 2
4/11/2025 18:20:33, 3, 1, 0, 0, 334925129, -820053588, 32, 520, 29000732, 0, 9.78, 285.91, 292.76, -0.04, 2.76, -1.64, 2
4/11/2025 18:20:34, 3, 1, 0, 0, 334925147, -820053639, 32, 520, 29560228, 0, 9.27, 285.52, 287.33, -0.01, -8.28, -1.64, 2
4/11/2025 18:20:35, 3, 1, 0, 0, 334925162, -820053690, 32, 493, 28812998, 0, 8.77, 285.30, 287.26, -0.01, -0.87, -1.64, 2
4/11/2025 18:20:36, 3, 1, 0, 0, 334925175, -820053742, 32, 520, 28754438, 0, 8.27, 285.21, 288.58, -0.02, 1.03, -1.64, 2
4/11/2025 18:20:37, 3, 1, 0, 0, 334925190, -820053797, 32, 552, 29048850, 0, 7.73, 285.01, 290.20, -0.03, -0.29, -1.64, 2
4/11/2025 18:20:38, 3, 1, 0, 0, 334925207, -820053850, 32, 542, 29250614, 0, 7.21, 284.57, 286.58, -0.01, -5.93, -1.64, 2
4/11/2025 18:20:39, 3, 1, 0, 0, 334925221, -820053901, 32, 484, 28700026, 0, 6.71, 284.30, 288.26, -0.02, 1.26, -1.64, 2
4/11/2025 18:20:40, 3, 1, 0, 0, 334925236, -820053950, 32, 497, 29016304, 0, 6.23, 283.84, 286.70, -0.02, -3.46, -1.64, 2
4/11/2025 18:20:41, 3, 1, 0, 0, 334925251, -820054001, 32, 504, 28793516, 0, 5.73, 283.36, 287.33, -0.02, -0.61, -1.64, 2
4/11/2025 18:20:42, 3, 1, 0, 0, 334925266, -820054052, 32, 510, 28949148, 0, 5.23, 282.78, 285.45, -0.01, -4.04, -1.64, 2
4/11/2025 18:20:43, 3, 1, 0, 0, 334925279, -820054105, 32, 512, 28502794, 0, 4.72, 282.38, 287.67, -0.03, 2.64, -3.48, 2
4/11/2025 18:20:44, 3, 1, 0, 0, 334925293, -820054158, 32, 510, 28733882, 0, 4.21, 281.75, 283.29, -0.01, -4.05, -3.48, 2
4/11/2025 18:20:45, 3, 1, 0, 0, 334925304, -820054210, 32, 493, 28262384, 0, 3.71, 281.41, 283.42, -0.01, 0.79, -3.48, 2
4/11/2025 18:20:46, 3, 1, 0, 0, 334925312, -820054262, 32, 499, 28098322, 0, 3.22, 281.56, 283.79, -0.01, 2.81, -3.48, 2
4/11/2025 18:20:47, 3, 1, 0, 0, 334925322, -820054316, 32, 525, 28256540, 0, 2.71, 281.38, 284.79, -0.02, 2.23, -3.48, 2
4/11/2025 18:20:48, 3, 1, 0, 0, 334925332, -820054371, 32, 528, 28355170, 0, 2.18, 281.16, 286.17, -0.03, 2.62, -3.48, 2
4/11/2025 18:20:49, 3, 1, 0, 0, 334925345, -820054426, 32, 545, 28612468, 0, 1.66, 279.67, 282.54, -0.02, -3.58, -3.48, 2
4/11/2025 18:20:50, 3, 1, 0, 0, 334925354, -820054479, 32, 500, 28153592, 0, 25.55, 254.47, 281.99, -0.15, 0.45, -2.99, 3
4/11/2025 18:20:51, 3, 1, 0, 0, 334925361, -820054518, 32, 341, 28189872, 0, 25.22, 254.08, 257.80, -0.02, -24.10, -2.99, 3
4/11/2025 18:20:54, 3, 1, 0, 0, 334925359, -820054613, 32, 394, 25115108, 0, 24.37, 253.56, 251.24, 0.01, 0.08, -2.99, 3
4/11/2025 18:20:55, 3, 1, 0, 0, 334925343, -820054657, 32, 474, 24600336, 0, 23.93, 253.70, 250.49, 0.02, 4.48, -2.99, 3
4/11/2025 18:20:56, 3, 1, 0, 0, 334925326, -820054706, 32, 497, 24696186, 0, 23.44, 253.83, 250.42, 0.02, 3.46, -2.99, 3
4/11/2025 18:20:57, 3, 1, 0, 0, 334925307, -820054756, 32, 518, 24721186, 0, 22.94, 254.01, 250.42, 0.02, 3.21, -2.99, 3
4/11/2025 18:20:58, 3, 1, 0, 0, 334925287, -820054809, 32, 536, 24763152, 0, 22.40, 254.21, 250.42, 0.02, 2.79, -2.99, 3
4/11/2025 18:20:59, 3, 1, 0, 0, 334925269, -820054860, 32, 500, 24955642, 0, 21.89, 254.38, 252.67, 0.01, 3.12, -2.99, 3
4/11/2025 18:21:0, 3, 1, 0, 0, 334925253, -820054911, 32, 512, 24973532, 0, 21.39, 254.50, 252.92, 0.01, 3.19, -2.99, 3
4/11/2025 18:21:1, 3, 1, 0, 0, 334925237, -820054963, 32, 516, 25244702, 0, 20.88, 254.61, 253.34, 0.01, 0.90, -3.28, 3
4/11/2025 18:21:2, 3, 1, 0, 0, 334925223, -820055015, 32, 515, 25306870, 0, 20.37, 254.68, 253.84, 0.00, 0.77, -3.28, 3
4/11/2025 18:21:3, 3, 1, 0, 0, 334925208, -820055067, 32, 507, 25241708, 0, 19.86, 254.77, 254.34, 0.00, 1.93, -3.28, 3
4/11/2025 18:21:4, 3, 1, 0, 0, 334925195, -820055120, 32, 522, 25294136, 0, 19.35, 254.80, 254.72, 0.00, 1.78, -3.28, 3
4/11/2025 18:21:5, 3, 1, 0, 0, 334925181, -820055173, 32, 506, 25250622, 0, 18.83, 254.87, 255.16, -0.00, 2.65, -3.28, 3
4/11/2025 18:21:6, 3, 1, 0, 0, 334925168, -820055224, 32, 493, 25280748, 0, 18.34, 254.92, 255.59, -0.00, 2.79, -3.28, 3
4/11/2025 18:21:7, 3, 1, 0, 0, 334925156, -820055275, 32, 493, 25264446, 0, 17.85, 254.94, 255.97, -0.01, 3.32, -3.28, 3
4/11/2025 18:21:8, 3, 1, 0, 0, 334925145, -820055328, 32, 509, 25394614, 0, 17.34, 254.91, 256.09, -0.01, 2.15, -3.28, 3
4/11/2025 18:21:9, 3, 1, 0, 0, 334925133, -820055382, 32, 529, 25519742, 0, 16.82, 254.90, 256.16, -0.01, 0.96, -3.28, 3
4/11/2025 18:21:10, 3, 1, 0, 0, 334925122, -820055437, 32, 527, 25625768, 0, 16.30, 254.85, 256.34, -0.01, 0.09, -3.28, 3
4/11/2025 18:21:11, 3, 1, 0, 0, 334925112, -820055492, 32, 534, 25641598, 0, 15.78, 254.75, 254.86, -0.00, -1.56, -1.55, 3
4/11/2025 18:21:12, 3, 1, 0, 0, 334925102, -820055547, 32, 530, 25718452, 0, 15.26, 254.65, 255.05, -0.00, -2.14, -1.55, 3
4/11/2025 18:21:13, 3, 1, 0, 0, 334925091, -820055602, 32, 525, 25766836, 0, 14.73, 254.59, 255.55, -0.01, -2.12, -1.55, 3
4/11/2025 18:21:14, 3, 1, 0, 0, 334925080, -820055657, 32, 525, 25781618, 0, 14.21, 254.52, 256.42, -0.01, -1.39, -1.55, 3
4/11/2025 18:21:15, 3, 1, 0, 0, 334925069, -820055712, 32, 516, 25789866, 0, 13.68, 254.44, 257.42, -0.02, -0.48, -1.55, 3
4/11/2025 18:21:16, 3, 1, 0, 0, 334925061, -820055765, 32, 504, 25995938, 0, 13.19, 254.24, 258.17, -0.02, -1.79, -1.55, 3
4/11/2025 18:21:17, 3, 1, 0, 0, 334925053, -820055813, 32, 442, 25980090, 0, 12.73, 254.08, 256.05, -0.01, -3.75, -1.55, 3
4/11/2025 18:21:18, 3, 1, 0, 0, 334925045, -820055861, 32, 479, 25755682, 0, 12.28, 253.91, 255.99, -0.01, -1.57, -1.55, 3
4/11/2025 18:21:19, 3, 1, 0, 0, 334925036, -820055910, 32, 468, 25650140, 0, 11.82, 253.76, 255.99, -0.01, -0.52, -1.55, 3
4/11/2025 18:21:20, 3, 1, 0, 0, 334925027, -820055959, 32, 468, 25658116, 0, 11.35, 253.61, 256.11, -0.01, -0.47, -1.55, 3
4/11/2025 18:21:21, 3, 1, 0, 0, 334925019, -820056009, 32, 486, 25874142, 0, 10.88, 253.37, 257.75, -0.02, -0.99, -3.13, 3
4/11/2025 18:21:22, 3, 1, 0, 0, 334925012, -820056057, 32, 437, 26070094, 0, 10.43, 253.08, 254.50, -0.01, -6.20, -3.13, 3
4/11/2025 18:21:23, 3, 1, 0, 0, 334925002, -820056106, 32, 480, 25397002, 0, 9.97, 252.93, 254.38, -0.01, 0.41, -3.13, 3
4/11/2025 18:21:24, 3, 1, 0, 0, 334924990, -820056156, 32, 490, 25536144, 0, 9.48, 252.88, 254.38, -0.01, -0.99, -3.13, 3
4/11/2025 18:21:25, 3, 1, 0, 0, 334924979, -820056207, 32, 487, 25588902, 0, 8.99, 252.74, 254.56, -0.01, -1.33, -3.13, 3
4/11/2025 18:21:26, 3, 1, 0, 0, 334924968, -820056258, 32, 487, 25510748, 0, 8.51, 252.58, 254.75, -0.01, -0.36, -3.13, 3
4/11/2025 18:21:27, 3, 1, 0, 0, 334924957, -820056308, 32, 486, 25534062, 0, 8.03, 252.42, 255.13, -0.02, -0.21, -3.13, 3
4/11/2025 18:21:28, 3, 1, 0, 0, 334924946, -820056361, 32, 502, 25766786, 0, 7.52, 252.18, 255.44, -0.02, -2.23, -3.13, 3
4/11/2025 18:21:29, 3, 1, 0, 0, 334924934, -820056415, 32, 506, 25634670, 0, 7.00, 251.96, 255.94, -0.02, -0.41, -3.13, 3
4/11/2025 18:21:30, 3, 1, 0, 0, 334924925, -820056466, 32, 470, 25936562, 0, 6.52, 251.51, 253.81, -0.01, -5.55, -3.13, 3
4/11/2025 18:21:31, 3, 1, 0, 0, 334924913, -820056518, 32, 489, 25419842, 0, 6.02, 251.26, 255.60, -0.02, 1.40, -4.91, 3
4/11/2025 18:21:32, 3, 1, 0, 0, 334924903, -820056568, 32, 454, 25703262, 0, 5.55, 250.81, 252.35, -0.01, -4.68, -4.91, 3
4/11/2025 18:21:33, 3, 1, 0, 0, 334924888, -820056618, 32, 500, 25063360, 0, 5.06, 250.87, 252.16, -0.01, 1.53, -4.91, 3
4/11/2025 18:21:34, 3, 1, 0, 0, 334924871, -820056670, 32, 500, 25195122, 0, 4.54, 251.13, 252.10, -0.01, 0.15, -4.91, 3
4/11/2025 18:21:35, 3, 1, 0, 0, 334924855, -820056722, 32, 503, 25180160, 0, 4.02, 251.30, 252.10, -0.00, 0.30, -4.91, 3
4/11/2025 18:21:36, 3, 1, 0, 0, 334924840, -820056773, 32, 499, 25293578, 0, 3.52, 251.41, 252.10, -0.00, -0.84, -4.91, 3
4/11/2025 18:21:37, 3, 1, 0, 0, 334924824, -820056823, 32, 493, 25137404, 0, 3.03, 251.80, 252.16, -0.00, 0.79, -4.91, 3
4/11/2025 18:21:38, 3, 1, 0, 0, 334924808, -820056873, 32, 493, 25259528, 0, 2.53, 252.35, 252.35, -0.00, -0.25, -4.91, 3
4/11/2025 18:21:39, 3, 1, 0, 0, 334924794, -820056923, 32, 485, 25160736, 0, 2.04, 252.57, 252.35, 0.00, 0.74, -4.91, 3
4/11/2025 18:21:40, 3, 1, 0, 0, 334924780, -820056974, 32, 497, 25240850, 0, 1.54, 252.82, 252.35, 0.00, -0.06, -4.91, 3
4/11/2025 18:21:41, 3, 1, 0, 0, 334924767, -820057021, 32, 449, 25202248, 0, 14.53, 31.09, 252.25, 0.77, 0.23, -5.00, 4
4/11/2025 18:21:41, 3, 1, 0, 0, 334924767, -820057021, 32, 449, 25202248, 0, 14.53, 31.09, 27.69, 0.02, -224.33, -5.00, 4
4/11/2025 18:21:49, 3, 1, 0, 0, 334924815, -820057089, 32, 161, 1749562, 0, 14.42, 34.33, 40.94, -0.04, 23.45, -5.00, 4
4/11/2025 18:21:50, 3, 1, 0, 0, 334924841, -820057071, 32, 401, 3393043, 0, 14.09, 34.43, 355.27, 0.22, 321.34, 37.48, 4
4/11/2025 18:21:50, 3, 1, 0, 0, 334924841, -820057071, 32, 401, 3393043, 0, 14.09, 34.43, 31.15, 0.02, -2.78, 37.48, 4
4/11/2025 18:21:54, 3, 1, 0, 0, 334924922, -820056972, 32, 384, 7448878, 0, 12.83, 33.32, 42.27, -0.05, -32.21, 37.48, 4
4/11/2025 18:21:55, 3, 1, 0, 0, 334924930, -820056926, 32, 445, 8342016, 0, 12.53, 31.92, 36.90, -0.03, -46.52, 37.48, 4
4/11/2025 18:21:56, 3, 1, 0, 0, 334924942, -820056874, 32, 542, 7467792, 0, 12.16, 30.32, 33.09, -0.02, -41.59, 37.48, 4
4/11/2025 18:21:57, 3, 1, 0, 0, 334924957, -820056814, 32, 608, 7369100, 0, 11.75, 28.39, 32.84, -0.02, -40.85, 37.48, 4
4/11/2025 18:21:58, 3, 1, 0, 0, 334924972, -820056753, 32, 582, 7503253, 0, 11.34, 26.27, 29.77, -0.02, -45.26, 37.48, 4
4/11/2025 18:21:59, 3, 1, 0, 0, 334924991, -820056693, 32, 620, 6847279, 0, 10.91, 24.14, 29.77, -0.03, -38.70, 37.48, 4
4/11/2025 18:22:0, 3, 1, 0, 0, 334925009, -820056635, 32, 576, 7207424, 0, 10.51, 21.91, 25.02, -0.02, -47.05, 37.48, 4
4/11/2025 18:22:1, 3, 1, 0, 0, 334925031, -820056578, 32, 606, 6375843, 0, 10.10, 19.65, 24.90, -0.03, -38.86, 37.48, 4
4/11/2025 18:22:2, 3, 1, 0, 0, 334925053, -820056521, 32, 563, 6772056, 0, 9.70, 17.19, 57.91, -0.23, -9.81, 0.03, 4
4/11/2025 18:22:2, 3, 1, 0, 0, 334925053, -820056521, 32, 563, 6772056, 0, 9.70, 17.19, 20.59, -0.02, -47.13, 0.03, 4
4/11/2025 18:22:6, 3, 1, 0, 0, 334925161, -820056365, 32, 428, 3164895, 0, 8.19, 9.98, 14.84, -0.03, -16.80, 0.03, 4
4/11/2025 18:22:7, 3, 1, 0, 0, 334925205, -820056342, 32, 558, 2299234, 0, 7.67, 9.05, 11.09, -0.01, -11.90, 0.03, 4
4/11/2025 18:22:8, 3, 1, 0, 0, 334925256, -820056323, 32, 584, 1673142, 0, 7.08, 8.36, 11.59, -0.02, -5.14, 0.03, 4
4/11/2025 18:22:9, 3, 1, 0, 0, 334925309, -820056304, 32, 612, 1834978, 0, 6.47, 7.57, 12.66, -0.03, -5.69, 0.03, 4
4/11/2025 18:22:10, 3, 1, 0, 0, 334925362, -820056283, 32, 608, 1988778, 0, 5.87, 6.45, 9.16, -0.02, -10.73, 0.03, 4
4/11/2025 18:22:11, 3, 1, 0, 0, 334925412, -820056266, 32, 576, 1522982, 0, 5.30, 5.43, 9.72, -0.02, -5.51, 0.03, 4
4/11/2025 18:22:12, 3, 1, 0, 0, 334925463, -820056248, 32, 595, 1839375, 0, 4.72, 4.06, 21.09, -0.09, 2.70, -13.84, 4
4/11/2025 18:22:13, 3, 1, 0, 0, 334925514, -820056231, 32, 583, 1445455, 0, 4.14, 2.44, 7.53, -0.03, -6.93, -13.84, 4
4/11/2025 18:22:15, 3, 1, 0, 0, 334925597, -820056219, 32, 454, 77094, 0, 3.22, 1.16, 2.03, -0.00, 1.26, -13.84, 4
4/11/2025 18:22:16, 3, 1, 0, 0, 334925643, -820056223, 32, 537, 35644988, 0, 2.70, 2.16, 2.28, -0.00, -354.17, -13.84, 4
4/11/2025 18:22:17, 3, 1, 0, 0, 334925694, -820056228, 32, 573, 35579728, 0, 2.14, 3.98, 3.53, 0.00, -352.27, -13.84, 4
4/11/2025 18:22:18, 3, 1, 0, 0, 334925746, -820056232, 32, 578, 35827816, 0, 1.57, 6.79, 5.09, 0.01, -353.19, -13.84, 4
4/11/2025 18:22:19, 3, 1, 0, 0, 334925795, -820056231, 32, 500, 308071, 0, 14.74, 25.85, 3.87, 0.12, 0.79, -10.93, 5
4/11/2025 18:22:20, 3, 1, 0, 0, 334925831, -820056230, 32, 354, 48979, 0, 14.38, 26.51, 22.56, 0.02, 22.07, -10.93, 5
4/11/2025 18:22:21, 3, 1, 0, 0, 334925857, -820056228, 32, 254, 499099, 0, 14.11, 26.97, 32.18, -0.03, 27.19, -10.93, 5
4/11/2025 18:22:22, 3, 1, 0, 0, 334925888, -820056213, 32, 447, 2563762, 0, 13.74, 27.10, 28.68, -0.01, 3.05, -10.93, 5
4/11/2025 18:22:23, 3, 1, 0, 0, 334925923, -820056191, 32, 462, 2684981, 0, 13.30, 27.08, 28.31, -0.01, 1.46, -10.93, 5
4/11/2025 18:22:24, 3, 1, 0, 0, 334925966, -820056166, 32, 565, 2500158, 0, 12.77, 27.13, 28.87, -0.01, 3.87, -10.93, 5
4/11/2025 18:22:25, 3, 1, 0, 0, 334926012, -820056140, 32, 582, 2572451, 0, 12.21, 27.22, 30.00, -0.02, 4.27, -10.93, 5
4/11/2025 18:22:26, 3, 1, 0, 0, 334926059, -820056111, 32, 603, 2611307, 0, 11.62, 27.22, 31.68, -0.02, 5.57, -10.93, 5
4/11/2025 18:22:27, 3, 1, 0, 0, 334926107, -820056082, 32, 612, 2811696, 0, 11.02, 27.25, 29.18, -0.01, 1.07, -10.93, 5
4/11/2025 18:22:28, 3, 1, 0, 0, 334926153, -820056054, 32, 573, 2618855, 0, 10.45, 27.26, 30.31, -0.02, 4.12, -10.93, 5
4/11/2025 18:22:29, 3, 1, 0, 0, 334926199, -820056027, 32, 604, 2577602, 0, 9.88, 27.33, 24.39, 0.02, -1.39, -3.64, 5
4/11/2025 18:22:30, 3, 1, 0, 0, 334926246, -820055997, 32, 611, 2835703, 0, 9.29, 27.29, 25.95, 0.01, -2.40, -3.64, 5
4/11/2025 18:22:31, 3, 1, 0, 0, 334926293, -820055966, 32, 609, 2958858, 0, 8.69, 27.18, 27.33, -0.00, -2.26, -3.64, 5
4/11/2025 18:22:32, 3, 1, 0, 0, 334926341, -820055934, 32, 616, 3092430, 0, 8.08, 27.04, 28.58, -0.01, -2.35, -3.64, 5
4/11/2025 18:22:33, 3, 1, 0, 0, 334926388, -820055901, 32, 619, 3143872, 0, 7.47, 26.77, 29.83, -0.02, -1.61, -3.64, 5
4/11/2025 18:22:34, 3, 1, 0, 0, 334926435, -820055866, 32, 620, 3234665, 0, 6.86, 26.32, 31.01, -0.03, -1.33, -3.64, 5
4/11/2025 18:22:36, 3, 1, 0, 0, 334926525, -820055797, 32, 562, 3166665, 0, 5.68, 25.01, 28.08, -0.02, -3.59, -3.64, 5
4/11/2025 18:22:37, 3, 1, 0, 0, 334926570, -820055764, 32, 603, 3215053, 0, 5.10, 24.27, 28.58, -0.02, -3.57, -3.64, 5
4/11/2025 18:22:38, 3, 1, 0, 0, 334926613, -820055733, 32, 557, 2989364, 0, 4.55, 23.44, 26.01, -0.01, -3.88, -3.64, 5
4/11/2025 18:22:39, 3, 1, 0, 0, 334926658, -820055702, 32, 596, 2996659, 0, 3.97, 22.51, 26.51, -0.02, -3.45, -3.64, 5
4/11/2025 18:22:40, 3, 1, 0, 0, 334926702, -820055673, 32, 572, 2872381, 0, 3.42, 21.49, 26.72, -0.03, -2.00, -6.22, 5
4/11/2025 18:22:41, 3, 1, 0, 0, 334926745, -820055647, 32, 534, 2617847, 0, 2.89, 20.51, 22.79, -0.01, -3.39, -6.22, 5
4/11/2025 18:22:42, 3, 1, 0, 0, 334926790, -820055622, 32, 585, 2425090, 0, 2.34, 19.48, 23.22, -0.02, -1.03, -6.22, 5
4/11/2025 18:22:43, 3, 1, 0, 0, 334926838, -820055599, 32, 574, 2304952, 0, 1.76, 18.73, 21.91, -0.02, -1.14, -6.22, 5
4/11/2025 18:22:44, 3, 1, 0, 0, 334926877, -820055577, 32, 458, 2608693, 0, 19.81, 43.50, 24.43, 0.11, -1.66, -8.11, 6
4/11/2025 18:22:45, 3, 1, 0, 0, 334926908, -820055563, 32, 327, 2154038, 0, 19.47, 43.92, 40.18, 0.02, 18.64, -8.11, 6
4/11/2025 18:22:46, 3, 1, 0, 0, 334926931, -820055544, 32, 310, 3945984, 0, 19.16, 44.07, 48.93, -0.03, 9.47, -8.11, 6
4/11/2025 18:22:47, 3, 1, 0, 0, 334926956, -820055511, 32, 471, 5073412, 0, 18.75, 43.99, 45.36, -0.01, -5.37, -8.11, 6
4/11/2025 18:22:48, 3, 1, 0, 0, 334926989, -820055472, 32, 539, 4448778, 0, 18.24, 43.97, 45.18, -0.01, 0.69, -8.11, 6
4/11/2025 18:22:49, 3, 1, 0, 0, 334927027, -820055429, 32, 591, 4522891, 0, 17.66, 43.99, 45.74, -0.01, 0.51, -8.11, 6
4/11/2025 18:22:50, 3, 1, 0, 0, 334927065, -820055384, 32, 611, 4490739, 0, 17.06, 43.97, 46.55, -0.01, 1.64, -8.11, 6
4/11/2025 18:22:51, 3, 1, 0, 0, 334927105, -820055337, 32, 615, 4581503, 0, 16.44, 43.95, 47.55, -0.02, 1.74, -8.11, 6
4/11/2025 18:22:52, 3, 1, 0, 0, 334927144, -820055290, 32, 630, 4607358, 0, 15.82, 43.91, 48.61, -0.03, 2.54, -8.11, 6
4/11/2025 18:22:53, 3, 1, 0, 0, 334927182, -820055240, 32, 618, 4921297, 0, 15.20, 43.75, 45.05, -0.01, -4.16, -8.11, 6
4/11/2025 18:22:54, 3, 1, 0, 0, 334927220, -820055195, 32, 606, 4358918, 0, 14.60, 43.71, 42.79, 0.01, -0.80, -5.73, 6
4/11/2025 18:22:55, 3, 1, 0, 0, 334927260, -820055150, 32, 614, 4460298, 0, 13.99, 43.74, 43.61, 0.00, -1.00, -5.73, 6
4/11/2025 18:22:56, 3, 1, 0, 0, 334927300, -820055104, 32, 621, 4640336, 0, 13.38, 43.74, 44.48, -0.00, -1.92, -5.73, 6
4/11/2025 18:22:57, 3, 1, 0, 0, 334927339, -820055057, 32, 627, 4574339, 0, 12.76, 43.67, 45.48, -0.01, -0.26, -5.73, 6
4/11/2025 18:22:58, 3, 1, 0, 0, 334927377, -820055009, 32, 617, 4762202, 0, 12.15, 43.52, 46.73, -0.02, -0.89, -5.73, 6
4/11/2025 18:22:59, 3, 1, 0, 0, 334927415, -820054962, 32, 627, 4754029, 0, 11.54, 43.40, 47.92, -0.03, 0.38, -5.73, 6
4/11/2025 18:23:0, 3, 1, 0, 0, 334927452, -820054913, 32, 621, 5031961, 0, 10.93, 43.15, 44.98, -0.01, -5.34, -5.73, 6
4/11/2025 18:23:1, 3, 1, 0, 0, 334927489, -820054867, 32, 599, 4504345, 0, 10.34, 42.99, 45.29, -0.01, 0.25, -5.73, 6
4/11/2025 18:23:2, 3, 1, 0, 0, 334927527, -820054821, 32, 612, 4698131, 0, 9.74, 42.85, 45.67, -0.02, -1.31, -5.73, 6
4/11/2025 18:23:3, 3, 1, 0, 0, 334927564, -820054773, 32, 631, 4918251, 0, 9.13, 42.55, 46.36, -0.02, -2.83, -5.73, 6
4/11/2025 18:23:4, 3, 1, 0, 0, 334927600, -820054724, 32, 611, 4987987, 0, 8.53, 42.12, 46.17, -0.02, -3.71, -7.10, 6
4/11/2025 18:23:5, 3, 1, 0, 0, 334927636, -820054677, 32, 598, 4749999, 0, 7.94, 41.73, 44.17, -0.01, -3.33, -7.10, 6
4/11/2025 18:23:6, 3, 1, 0, 0, 334927674, -820054634, 32, 583, 4387973, 0, 7.36, 41.60, 44.48, -0.02, 0.60, -7.10, 6
4/11/2025 18:23:7, 3, 1, 0, 0, 334927711, -820054589, 32, 604, 4620698, 0, 6.78, 41.27, 44.85, -0.02, -1.35, -7.10, 6
4/11/2025 18:23:8, 3, 1, 0, 0, 334927751, -820054543, 32, 621, 4549438, 0, 6.16, 41.02, 45.10, -0.02, -0.39, -7.10, 6
4/11/2025 18:23:9, 3, 1, 0, 0, 334927790, -820054496, 32, 620, 4610322, 0, 5.55, 40.56, 42.79, -0.01, -3.31, -7.10, 6
4/11/2025 18:23:10, 3, 1, 0, 0, 334927828, -820054451, 32, 599, 4380931, 0, 4.96, 40.07, 42.92, -0.02, -0.89, -7.10, 6
4/11/2025 18:23:11, 3, 1, 0, 0, 334927867, -820054405, 32, 613, 4517070, 0, 4.35, 39.45, 43.48, -0.02, -1.69, -7.10, 6
4/11/2025 18:23:12, 3, 1, 0, 0, 334927906, -820054359, 32, 626, 4500208, 0, 3.74, 38.63, 41.60, -0.02, -3.40, -7.10, 6
4/11/2025 18:23:13, 3, 1, 0, 0, 334927945, -820054315, 32, 606, 4249169, 0, 3.15, 37.75, 41.85, -0.02, -0.64, -7.10, 6
4/11/2025 18:23:14, 3, 1, 0, 0, 334927985, -820054270, 32, 615, 4288350, 0, 2.54, 36.46, 41.29, -0.03, -1.59, -8.92, 6
4/11/2025 18:23:15, 3, 1, 0, 0, 334928025, -820054226, 32, 603, 4206950, 0, 1.95, 34.57, 37.60, -0.02, -4.47, -8.92, 6
4/11/2025 18:23:16, 3, 1, 0, 0, 334928065, -820054186, 32, 574, 3719322, 0, 18.37, 173.30, 40.51, 0.74, 3.31, -11.95, 7
4/11/2025 18:23:16, 3, 1, 0, 0, 334928065, -820054186, 32, 574, 3719322, 0, 18.37, 173.30, 169.82, 0.02, 132.63, -11.95, 7
4/11/2025 18:23:24, 3, 1, 0, 0, 334928146, -820054025, 32, 138, 11993096, 0, 19.15, 178.06, 181.76, -0.02, 61.83, -11.95, 7
4/11/2025 18:23:25, 3, 1, 0, 0, 334928126, -820054014, 32, 329, 16180110, 0, 18.93, 178.34, 180.63, -0.01, 18.83, -11.95, 7
4/11/2025 18:23:26, 3, 1, 0, 0, 334928094, -820054005, 32, 380, 16792520, 0, 18.57, 178.57, 132.62, 0.26, -35.31, 37.01, 7
4/11/2025 18:23:26, 3, 1, 0, 0, 334928094, -820054005, 32, 380, 16792520, 0, 18.57, 178.57, 175.18, 0.02, 7.26, 37.01, 7
4/11/2025 18:23:30, 3, 1, 0, 0, 334927985, -820053991, 32, 146, 20020202, 0, 17.35, 178.90, 185.37, -0.04, -14.83, 37.01, 7
4/11/2025 18:23:31, 3, 1, 0, 0, 334927966, -820054011, 32, 352, 22808998, 0, 17.15, 178.26, 180.68, -0.01, -47.41, 37.01, 7
4/11/2025 18:23:32, 3, 1, 0, 0, 334927943, -820054037, 32, 353, 22058070, 0, 16.90, 177.42, 178.49, -0.01, -42.09, 37.01, 7
4/11/2025 18:23:33, 3, 1, 0, 0, 334927913, -820054066, 32, 457, 22058388, 0, 16.58, 176.44, 176.87, -0.00, -43.72, 37.01, 7
4/11/2025 18:23:34, 3, 1, 0, 0, 334927880, -820054100, 32, 497, 22194706, 0, 16.24, 175.25, 175.06, 0.00, -46.89, 37.01, 7
4/11/2025 18:23:35, 3, 1, 0, 0, 334927844, -820054134, 32, 504, 21844002, 0, 15.87, 173.99, 173.62, 0.00, -44.82, 37.01, 7
4/11/2025 18:23:36, 3, 1, 0, 0, 334927807, -820054165, 32, 509, 21611696, 0, 15.49, 172.78, 172.06, 0.00, -44.06, 37.01, 7
4/11/2025 18:23:37, 3, 1, 0, 0, 334927770, -820054196, 32, 496, 21520542, 0, 15.13, 171.50, 206.01, -0.19, -9.19, 1.93, 7
4/11/2025 18:23:37, 3, 1, 0, 0, 334927770, -820054196, 32, 496, 21520542, 0, 15.13, 171.50, 174.82, -0.02, -40.38, 1.93, 7
4/11/2025 18:23:41, 3, 1, 0, 0, 334927643, -820054256, 32, 389, 17441800, 0, 13.83, 168.35, 167.14, 0.01, -7.28, 1.93, 7
4/11/2025 18:23:42, 3, 1, 0, 0, 334927604, -820054249, 32, 454, 16972980, 0, 13.39, 168.25, 164.70, 0.02, -5.03, 1.93, 7
4/11/2025 18:23:43, 3, 1, 0, 0, 334927561, -820054237, 32, 501, 16569770, 0, 12.90, 168.30, 163.07, 0.03, -2.62, 1.93, 7
4/11/2025 18:23:44, 3, 1, 0, 0, 334927524, -820054223, 32, 406, 16036854, 0, 12.47, 168.50, 167.64, 0.00, 7.27, 1.93, 7
4/11/2025 18:23:45, 3, 1, 0, 0, 334927484, -820054213, 32, 473, 17283040, 0, 12.02, 168.52, 167.70, 0.00, -5.13, 1.93, 7
4/11/2025 18:23:46, 3, 1, 0, 0, 334927439, -820054207, 32, 511, 17424756, 0, 11.52, 168.29, 166.57, 0.01, -7.67, 1.93, 7
4/11/2025 18:23:47, 3, 1, 0, 0, 334927393, -820054200, 32, 529, 17168252, 0, 11.00, 168.08, 165.64, 0.01, -6.05, 1.93, 7
4/11/2025 18:23:48, 3, 1, 0, 0, 334927345, -820054191, 32, 547, 17158198, 0, 10.46, 167.92, 172.74, -0.03, 1.16, -6.37, 7
4/11/2025 18:23:49, 3, 1, 0, 0, 334927300, -820054183, 32, 484, 17119538, 0, 9.96, 167.74, 168.18, -0.00, -3.01, -6.37, 7
4/11/2025 18:23:50, 3, 1, 0, 0, 334927255, -820054167, 32, 520, 16207132, 0, 9.44, 167.98, 166.62, 0.01, 4.55, -6.37, 7
4/11/2025 18:23:51, 3, 1, 0, 0, 334927210, -820054153, 32, 538, 16477442, 0, 8.92, 168.12, 164.24, 0.02, -0.53, -6.37, 7
4/11/2025 18:23:52, 3, 1, 0, 0, 334927168, -820054133, 32, 486, 15497108, 0, 8.43, 168.70, 166.12, 0.01, 11.15, -6.37, 7
4/11/2025 18:23:53, 3, 1, 0, 0, 334927125, -820054117, 32, 525, 16477982, 0, 7.93, 169.08, 164.81, 0.02, 0.03, -6.37, 7
4/11/2025 18:23:54, 3, 1, 0, 0, 334927085, -820054098, 32, 474, 15574814, 0, 7.46, 169.76, 167.81, 0.01, 12.06, -6.37, 7
4/11/2025 18:23:55, 3, 1, 0, 0, 334927043, -820054083, 32, 514, 16644560, 0, 6.98, 170.20, 166.93, 0.02, 0.49, -6.37, 7
4/11/2025 18:23:56, 3, 1, 0, 0, 334926998, -820054067, 32, 542, 16110606, 0, 6.46, 170.74, 165.87, 0.03, 4.76, -6.37, 7
4/11/2025 18:23:57, 3, 1, 0, 0, 334926957, -820054050, 32, 460, 16114558, 0, 5.98, 171.53, 170.06, 0.01, 8.91, -6.37, 7
4/11/2025 18:23:58, 3, 1, 0, 0, 334926915, -820054036, 32, 489, 16684682, 0, 5.50, 172.15, 166.35, 0.03, -0.49, -2.42, 7
4/11/2025 18:23:59, 3, 1, 0, 0, 334926874, -820054023, 32, 444, 16432310, 0, 5.03, 172.80, 171.60, 0.01, 7.28, -2.42, 7
4/11/2025 18:24:0, 3, 1, 0, 0, 334926832, -820054015, 32, 468, 17333280, 0, 4.56, 172.99, 172.10, 0.00, -1.23, -2.42, 7
4/11/2025 18:24:1, 3, 1, 0, 0, 334926788, -820054009, 32, 498, 17339624, 0, 4.07, 172.93, 171.48, 0.01, -1.92, -2.42, 7
4/11/2025 18:24:2, 3, 1, 0, 0, 334926742, -820054001, 32, 504, 17304248, 0, 3.55, 173.10, 170.60, 0.01, -2.44, -2.42, 7
4/11/2025 18:24:3, 3, 1, 0, 0, 334926697, -820053993, 32, 505, 16985420, 0, 3.05, 173.35, 169.04, 0.02, -0.81, -2.42, 7
4/11/2025 18:24:4, 3, 1, 0, 0, 334926655, -820053981, 32, 464, 16334046, 0, 2.57, 174.61, 172.35, 0.01, 9.01, -2.42, 7
4/11/2025 18:24:5, 3, 1, 0, 0, 334926613, -820053974, 32, 487, 17226442, 0, 2.10, 175.18, 172.04, 0.02, -0.22, -2.42, 7
4/11/2025 18:24:6, 3, 1, 0, 0, 334926567, -820053967, 32, 516, 17193546, 0, 1.58, 175.97, 171.48, 0.02, -0.46, -2.42, 7
4/11/2025 18:24:7, 3, 1, 0, 0, 334926523, -820053960, 32, 492, 16950950, 0, 14.14, 204.91, 173.95, 0.17, 4.44, -1.45, 8
4/11/2025 18:24:8, 3, 1, 0, 0, 334926490, -820053955, 32, 317, 17105454, 0, 13.83, 205.72, 201.58, 0.02, 30.52, -1.45, 8
4/11/2025 18:24:10, 3, 1, 0, 0, 334926453, -820053952, 32, 141, 18720970, 0, 13.47, 206.59, 211.14, -0.03, 23.93, -1.45, 8
4/11/2025 18:24:11, 3, 1, 0, 0, 334926430, -820053968, 32, 336, 21642408, 0, 13.18, 206.51, 208.45, -0.01, -7.97, -1.45, 8
4/11/2025 18:24:12, 3, 1, 0, 0, 334926401, -820053990, 32, 385, 21036164, 0, 12.80, 206.34, 208.01, -0.01, -2.35, -1.45, 8
4/11/2025 18:24:13, 3, 1, 0, 0, 334926366, -820054015, 32, 461, 21402654, 0, 12.34, 206.17, 206.89, -0.00, -7.14, -1.45, 8
4/11/2025 18:24:14, 3, 1, 0, 0, 334926329, -820054044, 32, 487, 21294938, 0, 11.86, 205.88, 206.20, -0.00, -6.75, -1.45, 8
4/11/2025 18:24:15, 3, 1, 0, 0, 334926290, -820054071, 32, 506, 21105432, 0, 11.36, 205.70, 205.83, -0.00, -5.23, -1.45, 8
4/11/2025 18:24:16, 3, 1, 0, 0, 334926251, -820054098, 32, 508, 21078022, 0, 10.86, 205.51, 205.58, -0.00, -5.20, -1.45, 8
4/11/2025 18:24:17, 3, 1, 0, 0, 334926212, -820054125, 32, 511, 21001016, 0, 10.36, 205.29, 205.14, 0.00, -4.87, -1.45, 8
4/11/2025 18:24:18, 3, 1, 0, 0, 334926172, -820054153, 32, 515, 20963854, 0, 9.84, 205.03, 203.17, 0.01, -6.47, 0.33, 8
4/11/2025 18:24:19, 3, 1, 0, 0, 334926132, -820054179, 32, 512, 20918084, 0, 9.34, 204.84, 203.17, 0.01, -6.01, 0.33, 8
4/11/2025 18:24:20, 3, 1, 0, 0, 334926093, -820054207, 32, 506, 21004354, 0, 8.84, 204.49, 202.98, 0.01, -7.06, 0.33, 8
4/11/2025 18:24:21, 3, 1, 0, 0, 334926053, -820054234, 32, 504, 20914308, 0, 8.33, 204.20, 202.55, 0.01, -6.60, 0.33, 8
4/11/2025 18:24:22, 3, 1, 0, 0, 334926013, -820054260, 32, 500, 20685240, 0, 7.82, 203.92, 200.86, 0.02, -5.99, 0.33, 8
4/11/2025 18:24:23, 3, 1, 0, 0, 334925973, -820054283, 32, 486, 20428374, 0, 7.33, 203.81, 198.17, 0.03, -6.11, 0.33, 8
4/11/2025 18:24:24, 3, 1, 0, 0, 334925931, -820054304, 32, 509, 20155682, 0, 6.82, 203.89, 202.73, 0.01, 1.18, 0.33, 8
4/11/2025 18:24:25, 3, 1, 0, 0, 334925894, -820054323, 32, 419, 20314658, 0, 6.38, 203.94, 202.98, 0.01, -0.16, 0.33, 8
4/11/2025 18:24:26, 3, 1, 0, 0, 334925854, -820054347, 32, 508, 20788178, 0, 5.88, 203.72, 202.23, 0.01, -5.65, 0.33, 8
4/11/2025 18:24:27, 3, 1, 0, 0, 334925812, -820054373, 32, 537, 20703018, 0, 5.36, 203.37, 201.80, 0.01, -5.24, 0.33, 8
4/11/2025 18:24:28, 3, 1, 0, 0, 334925766, -820054400, 32, 576, 20683618, 0, 4.79, 203.05, 205.61, -0.01, -1.23, -4.48, 8
4/11/2025 18:24:29, 3, 1, 0, 0, 334925718, -820054427, 32, 587, 20429356, 0, 4.20, 202.75, 204.11, -0.01, -0.19, -4.48, 8
4/11/2025 18:24:30, 3, 1, 0, 0, 334925668, -820054453, 32, 612, 20276024, 0, 3.59, 202.64, 202.73, -0.00, -0.03, -4.48, 8
4/11/2025 18:24:31, 3, 1, 0, 0, 334925617, -820054478, 32, 615, 20217794, 0, 2.98, 202.72, 201.30, 0.01, -0.88, -4.48, 8
4/11/2025 18:24:32, 3, 1, 0, 0, 334925566, -820054503, 32, 610, 20139592, 0, 2.37, 202.84, 200.05, 0.02, -1.35, -4.48, 8
4/11/2025 18:24:33, 3, 1, 0, 0, 334925516, -820054526, 32, 603, 20019998, 0, 1.77, 203.47, 198.80, 0.03, -1.40, -4.48, 8
4/11/2025 18:24:34, 3, 1, 0, 0, 334925463, -820054548, 32, 625, 19930316, 0, 12.87, 114.07, 202.89, -0.49, 3.59, -5.33, 9
4/11/2025 18:24:34, 3, 1, 0, 0, 334925463, -820054548, 32, 625, 19930316, 0, 12.87, 114.07, 117.52, -0.02, -81.79, -5.33, 9
4/11/2025 18:24:43, 3, 1, 0, 0, 334925131, -820054396, 32, 672, 11502060, 0, 10.46, 98.56, 114.89, -0.09, -0.13, -5.33, 9
4/11/2025 18:24:44, 3, 1, 0, 0, 334925107, -820054336, 32, 605, 11693108, 0, 9.87, 97.51, 125.48, -0.16, 8.55, -28.80, 9
4/11/2025 18:24:44, 3, 1, 0, 0, 334925107, -820054336, 32, 605, 11693108, 0, 9.87, 97.51, 100.98, -0.02, -15.95, -28.80, 9
4/11/2025 18:24:48, 3, 1, 0, 0, 334925073, -820054107, 32, 603, 8194551, 0, 7.72, 96.79, 100.23, -0.02, 18.29, -28.80, 9
4/11/2025 18:24:49, 3, 1, 0, 0, 334925082, -820054040, 32, 664, 8109651, 0, 7.11, 98.18, 104.11, -0.03, 23.01, -28.80, 9
4/11/2025 18:24:50, 3, 1, 0, 0, 334925086, -820053974, 32, 600, 8717810, 0, 6.51, 99.33, 100.55, -0.01, 13.37, -28.80, 9
4/11/2025 18:24:51, 3, 1, 0, 0, 334925092, -820053910, 32, 596, 8175914, 0, 5.94, 100.90, 102.11, -0.01, 20.35, -28.80, 9
4/11/2025 18:24:52, 3, 1, 0, 0, 334925098, -820053844, 32, 626, 8296570, 0, 5.36, 102.84, 104.92, -0.01, 21.95, -28.80, 9
4/11/2025 18:24:53, 3, 1, 0, 0, 334925104, -820053776, 32, 635, 8500292, 0, 4.76, 105.31, 107.92, -0.01, 22.92, -28.80, 9
4/11/2025 18:24:54, 3, 1, 0, 0, 334925106, -820053707, 32, 641, 8860408, 0, 4.15, 107.94, 110.86, -0.02, 22.25, -28.80, 9
4/11/2025 18:24:55, 3, 1, 0, 0, 334925106, -820053636, 32, 652, 9117220, 0, 3.53, 111.23, 113.48, -0.01, 22.31, -28.80, 9
4/11/2025 18:24:56, 3, 1, 0, 0, 334925104, -820053566, 32, 647, 9327340, 0, 2.93, 115.43, 100.00, 0.09, 6.72, -12.93, 9
4/11/2025 18:24:57, 3, 1, 0, 0, 334925102, -820053501, 32, 599, 9364234, 0, 2.39, 121.17, 112.06, 0.05, 18.42, -12.93, 9
4/11/2025 18:24:58, 3, 1, 0, 0, 334925093, -820053449, 32, 478, 10492584, 0, 1.93, 126.06, 122.87, 0.02, 17.95, -12.93, 9
4/11/2025 18:24:59, 3, 1, 0, 0, 334925076, -820053398, 32, 552, 11534420, 0, 13.99, 112.20, 110.88, 0.01, -4.47, 1.43, 10
4/11/2025 18:25:0, 3, 1, 0, 0, 334925056, -820053355, 32, 451, 11911100, 0, 13.53, 111.96, 112.32, -0.00, -6.79, 1.43, 10
4/11/2025 18:25:1, 3, 1, 0, 0, 334925030, -820053306, 32, 592, 12112974, 0, 13.00, 111.53, 113.44, -0.01, -7.69, 1.43, 10
4/11/2025 18:25:2, 3, 1, 0, 0, 334925003, -820053251, 32, 619, 12087506, 0, 12.42, 111.10, 114.32, -0.02, -6.56, 1.43, 10
4/11/2025 18:25:3, 3, 1, 0, 0, 334924973, -820053195, 32, 625, 12171604, 0, 11.81, 110.50, 114.57, -0.02, -7.15, 1.43, 10
4/11/2025 18:25:4, 3, 1, 0, 0, 334924942, -820053139, 32, 613, 12341108, 0, 11.21, 109.78, 112.25, -0.01, -11.16, 1.43, 10
4/11/2025 18:25:5, 3, 1, 0, 0, 334924913, -820053080, 32, 633, 11977534, 0, 10.58, 109.14, 112.13, -0.02, -7.65, 1.43, 10
4/11/2025 18:25:6, 3, 1, 0, 0, 334924884, -820053019, 32, 652, 12071586, 0, 9.94, 108.45, 112.13, -0.02, -8.59, 1.43, 10
4/11/2025 18:25:7, 3, 1, 0, 0, 334924855, -820052958, 32, 646, 12085736, 0, 9.31, 107.67, 110.63, -0.02, -10.23, 1.43, 10
4/11/2025 18:25:8, 3, 1, 0, 0, 334924827, -820052897, 32, 654, 11761980, 0, 8.67, 106.85, 110.75, -0.02, -6.87, 1.43, 10
4/11/2025 18:25:9, 3, 1, 0, 0, 334924799, -820052836, 32, 646, 11870602, 0, 8.04, 105.89, 116.78, -0.06, -1.93, -6.28, 10
4/11/2025 18:25:10, 3, 1, 0, 0, 334924772, -820052777, 32, 632, 11779262, 0, 7.44, 104.82, 108.91, -0.02, -8.89, -6.28, 10
4/11/2025 18:25:11, 3, 1, 0, 0, 334924752, -820052724, 32, 528, 11049690, 0, 6.90, 104.08, 105.78, -0.01, -4.72, -6.28, 10
4/11/2025 18:25:12, 3, 1, 0, 0, 334924736, -820052667, 32, 598, 10670898, 0, 6.35, 103.68, 105.84, -0.01, -0.87, -6.28, 10
4/11/2025 18:25:13, 3, 1, 0, 0, 334924721, -820052607, 32, 607, 10606272, 0, 5.77, 103.38, 106.47, -0.02, 0.41, -6.28, 10
4/11/2025 18:25:14, 3, 1, 0, 0, 334924705, -820052545, 32, 624, 10569454, 0, 5.17, 102.93, 107.22, -0.02, 1.52, -6.28, 10
4/11/2025 18:25:15, 3, 1, 0, 0, 334924687, -820052481, 32, 628, 10868010, 0, 4.54, 102.15, 104.97, -0.02, -3.71, -6.28, 10
4/11/2025 18:25:16, 3, 1, 0, 0, 334924672, -820052420, 32, 590, 10616500, 0, 3.96, 101.51, 106.09, -0.03, -0.07, -6.28, 10
4/11/2025 18:25:17, 3, 1, 0, 0, 334924654, -820052356, 32, 637, 10936114, 0, 3.34, 100.18, 103.66, -0.02, -5.71, -6.28, 10
4/11/2025 18:25:18, 3, 1, 0, 0, 334924638, -820052290, 32, 640, 10692082, 0, 2.70, 98.76, 105.09, -0.04, -1.83, -6.28, 10
4/11/2025 18:25:19, 3, 1, 0, 0, 334924622, -820052226, 32, 620, 10624298, 0, 2.09, 96.41, 102.42, -0.03, -3.82, -8.86, 10
4/11/2025 18:25:20, 3, 1, 0, 0, 334924612, -820052166, 32, 566, 10196486, 0, 1.53, 94.60, 97.36, -0.02, -4.61, -8.86, 10
4/11/2025 18:25:21, 3, 1, 0, 0, 334924605, -820052108, 32, 573, 9531002, 0, 0.85, 92.98, 88.06, 0.03, -7.25, 0.00, 0
4/11/2025 18:25:22, 3, 1, 0, 0, 334924602, -820052062, 32, 417, 9268802, 0, 12.19, 290.18, 99.25, -0.94, 6.56, -7.25, 1
4/11/2025 18:25:22, 3, 1, 0, 0, 334924602, -820052062, 32, 417, 9268802, 0, 12.19, 290.18, 287.19, 0.02, 194.50, -0.69, 1
